2023-01-24 23:39:38.161, , id           E, 70.0
2023-01-24 23:39:39.163, Start, id           E, 70.0
2023-01-24 23:39:40.172, Start, id           E, 70.0
2023-01-24 23:39:41.162, Start, id           E, 70.0
2023-01-24 23:39:42.175, Start, id           E, 70.0
2023-01-24 23:39:43.168, Start, id           E, 70.0
2023-01-24 23:39:44.168, Start, id           E, 70.0
2023-01-24 23:39:45.168, Start, id           E, 70.0
2023-01-24 23:39:46.172, Pre-damage, id           E, 70.0
2023-01-24 23:39:47.176, Start, id           E, 70.0
2023-01-24 23:39:48.168, Hys, id           E, 70.0
2023-01-24 23:39:49.165, Hys, id           E, 70.0
2023-01-24 23:39:50.161, Hys, id           E, 70.0
2023-01-24 23:39:51.162, Hys, id           E, 70.0
2023-01-24 23:39:52.175, End, id           E, 70.0
2023-01-24 23:39:53.162, Null, id           E, 70.0
2023-01-24 23:39:54.162, Blok_1_80deg, id           E, 70.0
2023-01-24 23:39:55.166, Blok_1_80deg, id           E, 71.0
2023-01-24 23:39:56.173, Blok_1_80deg, id           E, 72.0
2023-01-24 23:39:57.165, Blok_1_80deg, id           E, 73.0
2023-01-24 23:39:58.163, Blok_1_80deg, id           E, 74.0
2023-01-24 23:39:59.169, Blok_1_80deg, id           E, 75.0
2023-01-24 23:40:00.163, Blok_1_80deg, id           E, 76.0
2023-01-24 23:40:01.175, Blok_1_80deg, id           E, 77.0
2023-01-24 23:40:02.168, Blok_1_80deg, id           E, 78.0
2023-01-24 23:40:03.163, Blok_1_80deg, id           E, 79.0
2023-01-24 23:40:04.162, Blok_1_80deg, id           E, 80.0
2023-01-24 23:40:05.171, Blok_1_80deg, id           E, 80.0
2023-01-24 23:40:06.17, Blok_1_80deg, id           E, 80.0
2023-01-24 23:40:07.171, Blok_1_80deg, id           E, 80.0
2023-01-24 23:40:08.166, Blok_1_80deg, id           E, 80.0
2023-01-24 23:40:09.164, Blok_1_80deg, id           E, 80.0
2023-01-24 23:40:10.163, Heat-cool_1, id           E, 80.0
2023-01-24 23:40:11.162, Heat-cool_1, id           E, 80.0
2023-01-24 23:40:12.164, Heat-cool_1, id           E, 80.0
2023-01-24 23:40:13.171, Heat-cool_1, id           E, 81.0
2023-01-24 23:40:14.17, Heat-cool_1, id           E, 82.0
2023-01-24 23:40:15.171, Heat-cool_1, id           E, 83.0
2023-01-24 23:40:16.161, Heat-cool_1, id           E, 84.0
2023-01-24 23:40:17.174, Heat-cool_1, id           E, 85.0
2023-01-24 23:40:18.169, Heat-cool_1, id           E, 86.0
2023-01-24 23:40:19.164, Heat-cool_1, id           E, 87.0
2023-01-24 23:40:20.162, Heat-cool_1, id           E, 88.0
2023-01-24 23:40:21.166, Heat-cool_1, id           E, 89.0
2023-01-24 23:40:22.168, Heat-cool_1, id           E, 90.0
2023-01-24 23:40:23.166, Heat-cool_1, id           E, 91.0
2023-01-24 23:40:24.172, Heat-cool_1, id           E, 91.0
2023-01-24 23:40:25.171, Heat-cool_1, id           E, 93.0
2023-01-24 23:40:26.176, Heat-cool_1, id           E, 94.0
2023-01-24 23:40:27.167, Heat-cool_1, id           E, 95.0
2023-01-24 23:40:28.162, Heat-cool_1, id           E, 96.0
2023-01-24 23:40:29.169, Heat-cool_1, id           E, 97.0
2023-01-24 23:40:30.161, Heat-cool_1, id           E, 98.0
2023-01-24 23:40:31.172, Heat-cool_1, id           E, 99.0
2023-01-24 23:40:32.167, Heat-cool_1, id           E, 99.75
2023-01-24 23:40:33.164, Heat-cool_1, id           E, 100.0
2023-01-24 23:40:34.165, Heat-cool_1, id           E, 100.0
2023-01-24 23:40:35.164, Heat-cool_1, id           E, 100.0
2023-01-24 23:40:36.173, Heat-cool_1, id           E, 100.0
2023-01-24 23:40:37.167, Heat-cool_1, id           E, 100.0
2023-01-24 23:40:38.175, Heat-cool_1, id           E, 100.0
2023-01-24 23:40:39.175, Heat-cool_1, id           E, 100.0
2023-01-24 23:40:40.164, Heat-cool_1, id           E, 100.0
2023-01-24 23:40:41.174, Heat-cool_1, id           E, 100.0
2023-01-24 23:40:42.164, Heat-cool_1, id           E, 100.0
2023-01-24 23:40:43.164, Heat-cool_1, id           E, 100.0
2023-01-24 23:40:44.175, Heat-cool_1, id           E, 100.0
2023-01-24 23:40:45.17, Blok_2_100deg, id           E, 100.0
2023-01-24 23:40:46.17, Blok_2_100deg, id           E, 100.0
2023-01-24 23:40:47.172, Heat-cool_2, id           E, 100.0
2023-01-24 23:40:48.165, Blok_3_90deg, id           E, 100.0
2023-01-24 23:40:49.164, Blok_3_90deg, id           E, 99.25
2023-01-24 23:40:50.176, Blok_3_90deg, id           E, 98.25
2023-01-24 23:40:51.171, Blok_3_90deg, id           E, 97.25
2023-01-24 23:40:52.17, Blok_3_90deg, id           E, 97.25
2023-01-24 23:40:53.17, Blok_3_90deg, id           E, 95.25
2023-01-24 23:40:54.176, Blok_3_90deg, id           E, 94.25
2023-01-24 23:40:55.174, Blok_3_90deg, id           E, 93.25
2023-01-24 23:40:56.167, Blok_3_90deg, id           E, 92.25
2023-01-24 23:40:57.174, Blok_3_90deg, id           E, 91.25
2023-01-24 23:40:58.167, Blok_3_90deg, id           E, 90.25
2023-01-24 23:40:59.17, Blok_3_90deg, id           E, 90.0
2023-01-24 23:41:00.168, Blok_3_90deg, id           E, 90.0
2023-01-24 23:41:01.163, Blok_3_90deg, id           E, 90.0
2023-01-24 23:41:02.161, Blok_3_90deg, id           E, 90.0
2023-01-24 23:41:03.172, Blok_3_90deg, id           E, 90.0
2023-01-24 23:41:04.168, Blok_3_90deg, id           E, 90.0
2023-01-24 23:41:05.174, Blok_3_90deg, id           E, 90.0
2023-01-24 23:41:06.165, Blok_3_90deg, id           E, 90.0
2023-01-24 23:41:07.173, Blok_3_90deg, id           E, 90.0
2023-01-24 23:41:08.169, Blok_3_90deg, id           E, 90.0
2023-01-24 23:41:09.166, Blok_3_90deg, id           E, 90.0
2023-01-24 23:41:10.175, Blok_3_90deg, id           E, 90.0
2023-01-24 23:41:11.168, Blok_3_90deg, id           E, 90.0
2023-01-24 23:41:12.164, Blok_3_90deg, id           E, 90.0
2023-01-24 23:41:13.173, Blok_3_90deg, id           E, 90.0
2023-01-24 23:41:14.164, Blok_3_90deg, id           E, 90.0
2023-01-24 23:41:15.167, Blok_3_90deg, id           E, 90.0
2023-01-24 23:41:16.163, Blok_3_90deg, id           E, 90.0
2023-01-24 23:41:17.163, Blok_3_90deg, id           E, 90.0
2023-01-24 23:41:18.164, Blok_3_90deg, id           E, 90.0
2023-01-24 23:41:19.174, Blok_3_90deg, id           E, 90.0
2023-01-24 23:41:20.166, Blok_3_90deg, id           E, 90.0
2023-01-24 23:41:21.175, Blok_3_90deg, id           E, 90.0
2023-01-24 23:41:22.163, Blok_3_90deg, id           E, 90.0
2023-01-24 23:41:23.162, Blok_3_90deg, id           E, 90.0
2023-01-24 23:41:24.176, Blok_3_90deg, id           E, 90.0
2023-01-24 23:41:25.173, Blok_3_90deg, id           E, 90.0
2023-01-24 23:41:26.173, Blok_3_90deg, id           E, 90.0
2023-01-24 23:41:27.168, Blok_3_90deg, id           E, 90.0
2023-01-24 23:41:28.161, Blok_3_90deg, id           E, 90.0
2023-01-24 23:41:29.171, Blok_3_90deg, id           E, 90.0
2023-01-24 23:41:30.163, Blok_3_90deg, id           E, 90.0
2023-01-24 23:41:31.174, Blok_3_90deg, id           E, 90.0
2023-01-24 23:41:32.164, Blok_3_90deg, id           E, 90.0
2023-01-24 23:41:33.171, Blok_3_90deg, id           E, 90.0
2023-01-24 23:41:34.168, Blok_3_90deg, id           E, 90.0
2023-01-24 23:41:35.162, Blok_3_90deg, id           E, 90.0
2023-01-24 23:41:36.173, Blok_3_90deg, id           E, 90.0
2023-01-24 23:41:37.169, Blok_3_90deg, id           E, 90.0
2023-01-24 23:41:38.162, Blok_3_90deg, id           E, 90.0
2023-01-24 23:41:39.175, Blok_3_90deg, id           E, 90.0
2023-01-24 23:41:40.162, Blok_3_90deg, id           E, 90.0
2023-01-24 23:41:41.176, Blok_3_90deg, id           E, 90.0
2023-01-24 23:41:42.166, Blok_3_90deg, id           E, 90.0
2023-01-24 23:41:43.174, Blok_3_90deg, id           E, 90.0
2023-01-24 23:41:44.172, Blok_3_90deg, id           E, 90.0
2023-01-24 23:41:45.176, Blok_3_90deg, id           E, 90.0
2023-01-24 23:41:46.168, Blok_3_90deg, id           E, 90.0
2023-01-24 23:41:47.175, Blok_3_90deg, id           E, 90.0
2023-01-24 23:41:48.171, Blok_3_90deg, id           E, 90.0
2023-01-24 23:41:49.163, Blok_3_90deg, id           E, 90.0
2023-01-24 23:41:50.174, Blok_3_90deg, id           E, 90.0
2023-01-24 23:41:51.172, Blok_3_90deg, id           E, 90.0
2023-01-24 23:41:52.169, Blok_3_90deg, id           E, 90.0
2023-01-24 23:41:53.168, Blok_3_90deg, id           E, 90.0
2023-01-24 23:41:54.169, Blok_3_90deg, id           E, 90.0
2023-01-24 23:41:55.17, Blok_3_90deg, id           E, 90.0
2023-01-24 23:41:56.168, Blok_3_90deg, id           E, 90.0
2023-01-24 23:41:57.164, Blok_3_90deg, id           E, 90.0
2023-01-24 23:41:58.161, Blok_3_90deg, id           E, 90.0
2023-01-24 23:41:59.173, Blok_3_90deg, id           E, 90.0
2023-01-24 23:42:00.171, Blok_3_90deg, id           E, 90.0
2023-01-24 23:42:01.17, Blok_3_90deg, id           E, 90.0
2023-01-24 23:42:02.176, Blok_3_90deg, id           E, 90.0
2023-01-24 23:42:03.172, Blok_3_90deg, id           E, 90.0
2023-01-24 23:42:04.168, Blok_3_90deg, id           E, 90.0
2023-01-24 23:42:05.162, Blok_3_90deg, id           E, 90.0
2023-01-24 23:42:06.171, Blok_3_90deg, id           E, 90.0
2023-01-24 23:42:07.175, Blok_3_90deg, id           E, 90.0
2023-01-24 23:42:08.167, Blok_3_90deg, id           E, 90.0
2023-01-24 23:42:09.164, Blok_3_90deg, id           E, 90.0
2023-01-24 23:42:10.174, Blok_3_90deg, id           E, 90.0
2023-01-24 23:42:11.162, Blok_3_90deg, id           E, 90.0
2023-01-24 23:42:12.168, Blok_3_90deg, id           E, 90.0
2023-01-24 23:42:13.175, Blok_3_90deg, id           E, 90.0
2023-01-24 23:42:14.163, Blok_3_90deg, id           E, 90.0
2023-01-24 23:42:15.172, Blok_3_90deg, id           E, 90.0
2023-01-24 23:42:16.161, Blok_3_90deg, id           E, 90.0
2023-01-24 23:42:17.163, Blok_3_90deg, id           E, 90.0
2023-01-24 23:42:18.168, Blok_3_90deg, id           E, 90.0
2023-01-24 23:42:19.168, Blok_3_90deg, id           E, 90.0
2023-01-24 23:42:20.164, Blok_3_90deg, id           E, 90.0
2023-01-24 23:42:21.162, Blok_3_90deg, id           E, 90.0
2023-01-24 23:42:22.164, Blok_3_90deg, id           E, 90.0
2023-01-24 23:42:23.175, Blok_3_90deg, id           E, 90.0
2023-01-24 23:42:24.167, Blok_3_90deg, id           E, 90.0
2023-01-24 23:42:25.17, Blok_3_90deg, id           E, 90.0
2023-01-24 23:42:26.176, Blok_3_90deg, id           E, 90.0
2023-01-24 23:42:27.174, Blok_3_90deg, id           E, 90.0
2023-01-24 23:42:28.172, Blok_3_90deg, id           E, 90.0
2023-01-24 23:42:29.165, Blok_3_90deg, id           E, 90.0
2023-01-24 23:42:30.161, Blok_3_90deg, id           E, 90.0
2023-01-24 23:42:31.165, Blok_3_90deg, id           E, 90.0
2023-01-24 23:42:32.164, Blok_3_90deg, id           E, 90.0
2023-01-24 23:42:33.162, Blok_3_90deg, id           E, 90.0
2023-01-24 23:42:34.167, Blok_3_90deg, id           E, 90.0
2023-01-24 23:42:35.165, Blok_3_90deg, id           E, 90.0
2023-01-24 23:42:36.173, Blok_3_90deg, id           E, 90.0
2023-01-24 23:42:37.175, Blok_3_90deg, id           E, 90.0
2023-01-24 23:42:38.168, Blok_3_90deg, id           E, 90.0
2023-01-24 23:42:39.17, Blok_3_90deg, id           E, 90.0
2023-01-24 23:42:40.161, Blok_3_90deg, id           E, 90.0
2023-01-24 23:42:41.164, Blok_3_90deg, id           E, 90.0
2023-01-24 23:42:42.164, Blok_3_90deg, id           E, 90.0
2023-01-24 23:42:43.165, Blok_3_90deg, id           E, 90.0
2023-01-24 23:42:44.172, Blok_3_90deg, id           E, 90.0
2023-01-24 23:42:45.162, Blok_3_90deg, id           E, 90.0
2023-01-24 23:42:46.17, Blok_3_90deg, id           E, 90.0
2023-01-24 23:42:47.174, Blok_3_90deg, id           E, 90.0
2023-01-24 23:42:48.166, Blok_3_90deg, id           E, 90.0
2023-01-24 23:42:49.163, Blok_3_90deg, id           E, 90.0
2023-01-24 23:42:50.171, Blok_3_90deg, id           E, 90.0
2023-01-24 23:42:51.176, Blok_3_90deg, id           E, 90.0
2023-01-24 23:42:52.163, Blok_3_90deg, id           E, 90.0
2023-01-24 23:42:53.161, Blok_3_90deg, id           E, 90.0
2023-01-24 23:42:54.173, Blok_3_90deg, id           E, 90.0
2023-01-24 23:42:55.175, Blok_3_90deg, id           E, 90.0
2023-01-24 23:42:56.167, Blok_3_90deg, id           E, 90.0
2023-01-24 23:42:57.174, Blok_3_90deg, id           E, 90.0
2023-01-24 23:42:58.17, Blok_3_90deg, id           E, 90.0
2023-01-24 23:42:59.165, Blok_3_90deg, id           E, 90.0
2023-01-24 23:43:00.173, Blok_3_90deg, id           E, 90.0
2023-01-24 23:43:01.173, Blok_3_90deg, id           E, 90.0
2023-01-24 23:43:02.169, Blok_3_90deg, id           E, 90.0
2023-01-24 23:43:03.166, Blok_3_90deg, id           E, 90.0
2023-01-24 23:43:04.169, Blok_3_90deg, id           E, 90.0
2023-01-24 23:43:05.171, Blok_3_90deg, id           E, 90.0
2023-01-24 23:43:06.17, Blok_3_90deg, id           E, 90.0
2023-01-24 23:43:07.164, Blok_3_90deg, id           E, 90.0
2023-01-24 23:43:08.162, Blok_3_90deg, id           E, 90.0
2023-01-24 23:43:09.175, Blok_3_90deg, id           E, 90.0
2023-01-24 23:43:10.175, Blok_3_90deg, id           E, 90.0
2023-01-24 23:43:11.165, Blok_3_90deg, id           E, 90.0
2023-01-24 23:43:12.173, Blok_3_90deg, id           E, 90.0
2023-01-24 23:43:13.175, Blok_3_90deg, id           E, 90.0
2023-01-24 23:43:14.176, Blok_3_90deg, id           E, 90.0
2023-01-24 23:43:15.172, Blok_3_90deg, id           E, 90.0
2023-01-24 23:43:16.171, Blok_3_90deg, id           E, 90.0
2023-01-24 23:43:17.164, Blok_3_90deg, id           E, 90.0
2023-01-24 23:43:18.176, Blok_3_90deg, id           E, 90.0
2023-01-24 23:43:19.17, Blok_3_90deg, id           E, 90.0
2023-01-24 23:43:20.176, Blok_3_90deg, id           E, 90.0
2023-01-24 23:43:21.169, Blok_3_90deg, id           E, 90.0
2023-01-24 23:43:22.162, Blok_3_90deg, id           E, 90.0
2023-01-24 23:43:23.161, Blok_3_90deg, id           E, 90.0
2023-01-24 23:43:24.176, Blok_3_90deg, id           E, 90.0
2023-01-24 23:43:25.174, Blok_3_90deg, id           E, 90.0
2023-01-24 23:43:26.171, Blok_3_90deg, id           E, 90.0
2023-01-24 23:43:27.166, Blok_3_90deg, id           E, 90.0
2023-01-24 23:43:28.163, Blok_3_90deg, id           E, 90.0
2023-01-24 23:43:29.175, Blok_3_90deg, id           E, 90.0
2023-01-24 23:43:30.174, Blok_3_90deg, id           E, 90.0
2023-01-24 23:43:31.165, Blok_3_90deg, id           E, 90.0
2023-01-24 23:43:32.162, Blok_3_90deg, id           E, 90.0
2023-01-24 23:43:33.176, Blok_3_90deg, id           E, 90.0
2023-01-24 23:43:34.176, Blok_3_90deg, id           E, 90.0
2023-01-24 23:43:35.174, Blok_3_90deg, id           E, 90.0
2023-01-24 23:43:36.168, Blok_3_90deg, id           E, 90.0
2023-01-24 23:43:37.163, Blok_3_90deg, id           E, 90.0
2023-01-24 23:43:38.176, Blok_3_90deg, id           E, 90.0
2023-01-24 23:43:39.167, Blok_3_90deg, id           E, 90.0
2023-01-24 23:43:40.171, Blok_3_90deg, id           E, 90.0
2023-01-24 23:43:41.165, Blok_3_90deg, id           E, 90.0
2023-01-24 23:43:42.168, Blok_3_90deg, id           E, 90.0
2023-01-24 23:43:43.171, Blok_3_90deg, id           E, 90.0
2023-01-24 23:43:44.166, Blok_3_90deg, id           E, 90.0
2023-01-24 23:43:45.164, Blok_3_90deg, id           E, 90.0
2023-01-24 23:43:46.173, Blok_3_90deg, id           E, 90.0
2023-01-24 23:43:47.171, Blok_3_90deg, id           E, 90.0
2023-01-24 23:43:48.176, Blok_3_90deg, id           E, 90.0
2023-01-24 23:43:49.161, Blok_3_90deg, id           E, 90.0
2023-01-24 23:43:50.163, Blok_3_90deg, id           E, 90.0
2023-01-24 23:43:51.162, Blok_3_90deg, id           E, 90.0
2023-01-24 23:43:52.161, Blok_3_90deg, id           E, 90.0
2023-01-24 23:43:53.175, Blok_3_90deg, id           E, 90.0
2023-01-24 23:43:54.171, Blok_3_90deg, id           E, 90.0
2023-01-24 23:43:55.167, Blok_3_90deg, id           E, 90.0
2023-01-24 23:43:56.175, Blok_3_90deg, id           E, 90.0
2023-01-24 23:43:57.173, Blok_3_90deg, id           E, 90.0
2023-01-24 23:43:58.167, Blok_3_90deg, id           E, 90.0
2023-01-24 23:43:59.162, Blok_3_90deg, id           E, 90.0
2023-01-24 23:44:00.174, Blok_3_90deg, id           E, 90.0
2023-01-24 23:44:01.163, Blok_3_90deg, id           E, 90.0
2023-01-24 23:44:02.162, Blok_3_90deg, id           E, 90.0
2023-01-24 23:44:03.171, Blok_3_90deg, id           E, 90.0
2023-01-24 23:44:04.161, Blok_3_90deg, id           E, 90.0
2023-01-24 23:44:05.172, Blok_3_90deg, id           E, 90.0
2023-01-24 23:44:06.167, Blok_3_90deg, id           E, 90.0
2023-01-24 23:44:07.167, Blok_3_90deg, id           E, 90.0
2023-01-24 23:44:08.172, Blok_3_90deg, id           E, 90.0
2023-01-24 23:44:09.196, Blok_3_90deg, id           E, 90.0
2023-01-24 23:44:10.169, Blok_3_90deg, id           E, 90.0
2023-01-24 23:44:11.163, Blok_3_90deg, id           E, 90.0
2023-01-24 23:44:12.173, Blok_3_90deg, id           E, 90.0
2023-01-24 23:44:13.174, Blok_3_90deg, id           E, 90.0
2023-01-24 23:44:14.164, Blok_3_90deg, id           E, 90.0
2023-01-24 23:44:15.168, Blok_3_90deg, id           E, 90.0
2023-01-24 23:44:16.173, Blok_3_90deg, id           E, 90.0
2023-01-24 23:44:17.172, Blok_3_90deg, id           E, 90.0
2023-01-24 23:44:18.175, Blok_3_90deg, id           E, 90.0
2023-01-24 23:44:19.161, Blok_3_90deg, id           E, 90.0
2023-01-24 23:44:20.176, Blok_3_90deg, id           E, 90.0
2023-01-24 23:44:21.16, Blok_3_90deg, id           E, 90.0
2023-01-24 23:44:22.17, Blok_3_90deg, id           E, 90.0
2023-01-24 23:44:23.168, Blok_3_90deg, id           E, 90.0
2023-01-24 23:44:24.161, Blok_3_90deg, id           E, 90.0
2023-01-24 23:44:25.168, Blok_3_90deg, id           E, 90.0
2023-01-24 23:44:26.167, Blok_3_90deg, id           E, 90.0
2023-01-24 23:44:27.173, Blok_3_90deg, id           E, 90.0
2023-01-24 23:44:28.175, Blok_3_90deg, id           E, 90.0
2023-01-24 23:44:29.174, Blok_3_90deg, id           E, 90.0
2023-01-24 23:44:30.162, Blok_3_90deg, id           E, 90.0
2023-01-24 23:44:31.172, Blok_3_90deg, id           E, 90.0
2023-01-24 23:44:32.167, Blok_3_90deg, id           E, 90.0
2023-01-24 23:44:33.161, Blok_3_90deg, id           E, 90.0
2023-01-24 23:44:34.167, Blok_3_90deg, id           E, 90.0
2023-01-24 23:44:35.161, Blok_3_90deg, id           E, 90.0
2023-01-24 23:44:36.171, Blok_3_90deg, id           E, 90.0
2023-01-24 23:44:37.166, Blok_3_90deg, id           E, 90.0
2023-01-24 23:44:38.165, Blok_3_90deg, id           E, 90.0
2023-01-24 23:44:39.173, Blok_3_90deg, id           E, 90.0
2023-01-24 23:44:40.166, Blok_3_90deg, id           E, 90.0
2023-01-24 23:44:41.173, Blok_3_90deg, id           E, 90.0
2023-01-24 23:44:42.174, Blok_3_90deg, id           E, 90.0
2023-01-24 23:44:43.173, Blok_3_90deg, id           E, 90.0
2023-01-24 23:44:44.164, Blok_3_90deg, id           E, 90.0
2023-01-24 23:44:45.171, Blok_3_90deg, id           E, 90.0
2023-01-24 23:44:46.168, Blok_3_90deg, id           E, 90.0
2023-01-24 23:44:47.173, Blok_3_90deg, id           E, 90.0
2023-01-24 23:44:48.163, Blok_3_90deg, id           E, 90.0
2023-01-24 23:44:49.171, Blok_3_90deg, id           E, 90.0
2023-01-24 23:44:50.174, Blok_3_90deg, id           E, 90.0
2023-01-24 23:44:51.163, Blok_3_90deg, id           E, 90.0
2023-01-24 23:44:52.171, Blok_3_90deg, id           E, 90.0
2023-01-24 23:44:53.175, Blok_3_90deg, id           E, 90.0
2023-01-24 23:44:54.163, Blok_3_90deg, id           E, 90.0
2023-01-24 23:44:55.162, Blok_3_90deg, id           E, 90.0
2023-01-24 23:44:56.171, Blok_3_90deg, id           E, 90.0
2023-01-24 23:44:57.165, Blok_3_90deg, id           E, 90.0
2023-01-24 23:44:58.166, Blok_3_90deg, id           E, 90.0
2023-01-24 23:44:59.162, Blok_3_90deg, id           E, 90.0
2023-01-24 23:45:00.161, Blok_3_90deg, id           E, 90.0
2023-01-24 23:45:01.171, Blok_3_90deg, id           E, 90.0
2023-01-24 23:45:02.166, Blok_3_90deg, id           E, 90.0
2023-01-24 23:45:03.169, Blok_3_90deg, id           E, 90.0
2023-01-24 23:45:04.173, Blok_3_90deg, id           E, 90.0
2023-01-24 23:45:05.169, Blok_3_90deg, id           E, 90.0
2023-01-24 23:45:06.169, Blok_3_90deg, id           E, 90.0
2023-01-24 23:45:07.166, Blok_3_90deg, id           E, 90.0
2023-01-24 23:45:08.164, Blok_3_90deg, id           E, 90.0
2023-01-24 23:45:09.174, Blok_3_90deg, id           E, 90.0
2023-01-24 23:45:10.171, Blok_3_90deg, id           E, 90.0
2023-01-24 23:45:11.161, Blok_3_90deg, id           E, 90.0
2023-01-24 23:45:12.172, Blok_3_90deg, id           E, 90.0
2023-01-24 23:45:13.163, Blok_3_90deg, id           E, 90.0
2023-01-24 23:45:14.164, Blok_3_90deg, id           E, 90.0
2023-01-24 23:45:15.175, Blok_3_90deg, id           E, 90.0
2023-01-24 23:45:16.164, Blok_3_90deg, id           E, 90.0
2023-01-24 23:45:17.165, Blok_3_90deg, id           E, 90.0
2023-01-24 23:45:18.173, Blok_3_90deg, id           E, 90.0
2023-01-24 23:45:19.167, Blok_3_90deg, id           E, 90.0
2023-01-24 23:45:20.173, Blok_3_90deg, id           E, 90.0
2023-01-24 23:45:21.17, Blok_3_90deg, id           E, 90.0
2023-01-24 23:45:22.164, Blok_3_90deg, id           E, 90.0
2023-01-24 23:45:23.175, Blok_3_90deg, id           E, 90.0
2023-01-24 23:45:24.171, Blok_3_90deg, id           E, 90.0
2023-01-24 23:45:25.168, Blok_3_90deg, id           E, 90.0
2023-01-24 23:45:26.169, Blok_3_90deg, id           E, 90.0
2023-01-24 23:45:27.162, Blok_3_90deg, id           E, 90.0
2023-01-24 23:45:28.168, Blok_3_90deg, id           E, 90.0
2023-01-24 23:45:29.167, Blok_3_90deg, id           E, 90.0
2023-01-24 23:45:30.165, Blok_3_90deg, id           E, 90.0
2023-01-24 23:45:31.163, Blok_3_90deg, id           E, 90.0
2023-01-24 23:45:32.162, Blok_3_90deg, id           E, 90.0
2023-01-24 23:45:33.161, Blok_3_90deg, id           E, 90.0
2023-01-24 23:45:34.166, Blok_3_90deg, id           E, 90.0
2023-01-24 23:45:35.214, Blok_3_90deg, id           E, 90.0
2023-01-24 23:45:36.169, Blok_3_90deg, id           E, 90.0
2023-01-24 23:45:37.161, Blok_3_90deg, id           E, 90.0
2023-01-24 23:45:38.171, Blok_3_90deg, id           E, 90.0
2023-01-24 23:45:39.167, Blok_3_90deg, id           E, 90.0
2023-01-24 23:45:40.178, Blok_3_90deg, id           E, 90.0
2023-01-24 23:45:41.174, Blok_3_90deg, id           E, 90.0
2023-01-24 23:45:42.17, Blok_3_90deg, id           E, 90.0
2023-01-24 23:45:43.169, Blok_3_90deg, id           E, 90.0
2023-01-24 23:45:44.164, Blok_3_90deg, id           E, 90.0
2023-01-24 23:45:45.167, Blok_3_90deg, id           E, 90.0
2023-01-24 23:45:46.174, Blok_3_90deg, id           E, 90.0
2023-01-24 23:45:47.173, Blok_3_90deg, id           E, 90.0
2023-01-24 23:45:48.175, Blok_3_90deg, id           E, 90.0
2023-01-24 23:45:49.17, Blok_3_90deg, id           E, 90.0
2023-01-24 23:45:50.174, Blok_3_90deg, id           E, 90.0
2023-01-24 23:45:51.168, Blok_3_90deg, id           E, 90.0
2023-01-24 23:45:52.167, Blok_3_90deg, id           E, 90.0
2023-01-24 23:45:53.172, Blok_3_90deg, id           E, 90.0
2023-01-24 23:45:54.163, Blok_3_90deg, id           E, 90.0
2023-01-24 23:45:55.165, Blok_3_90deg, id           E, 90.0
2023-01-24 23:45:56.172, Blok_3_90deg, id           E, 90.0
2023-01-24 23:45:57.167, Blok_3_90deg, id           E, 90.0
2023-01-24 23:45:58.168, Blok_3_90deg, id           E, 90.0
2023-01-24 23:45:59.162, Blok_3_90deg, id           E, 90.0
2023-01-24 23:46:00.163, Blok_3_90deg, id           E, 90.0
2023-01-24 23:46:01.167, Blok_3_90deg, id           E, 90.0
2023-01-24 23:46:02.161, Blok_3_90deg, id           E, 90.0
2023-01-24 23:46:03.172, Blok_3_90deg, id           E, 90.0
2023-01-24 23:46:04.174, Blok_3_90deg, id           E, 90.0
2023-01-24 23:46:05.163, Blok_3_90deg, id           E, 90.0
2023-01-24 23:46:06.17, Blok_3_90deg, id           E, 90.0
2023-01-24 23:46:07.169, Blok_3_90deg, id           E, 90.0
2023-01-24 23:46:08.166, Blok_3_90deg, id           E, 90.0
2023-01-24 23:46:09.172, Blok_3_90deg, id           E, 90.0
2023-01-24 23:46:10.162, Blok_3_90deg, id           E, 90.0
2023-01-24 23:46:11.168, Blok_3_90deg, id           E, 90.0
2023-01-24 23:46:12.172, Blok_3_90deg, id           E, 90.0
2023-01-24 23:46:13.173, Blok_3_90deg, id           E, 90.0
2023-01-24 23:46:14.172, Blok_3_90deg, id           E, 90.0
2023-01-24 23:46:15.167, Blok_3_90deg, id           E, 90.0
2023-01-24 23:46:16.173, Blok_3_90deg, id           E, 90.0
2023-01-24 23:46:17.161, Blok_3_90deg, id           E, 90.0
2023-01-24 23:46:18.175, Blok_3_90deg, id           E, 90.0
2023-01-24 23:46:19.168, Blok_3_90deg, id           E, 90.0
2023-01-24 23:46:20.17, Blok_3_90deg, id           E, 90.0
2023-01-24 23:46:21.166, Blok_3_90deg, id           E, 90.0
2023-01-24 23:46:22.163, Blok_3_90deg, id           E, 90.0
2023-01-24 23:46:23.175, Blok_3_90deg, id           E, 90.0
2023-01-24 23:46:24.163, Blok_3_90deg, id           E, 90.0
2023-01-24 23:46:25.173, Blok_3_90deg, id           E, 90.0
2023-01-24 23:46:26.162, Blok_3_90deg, id           E, 90.0
2023-01-24 23:46:27.175, Blok_3_90deg, id           E, 90.0
2023-01-24 23:46:28.174, Blok_3_90deg, id           E, 90.0
2023-01-24 23:46:29.167, Blok_3_90deg, id           E, 90.0
2023-01-24 23:46:30.17, Blok_3_90deg, id           E, 90.0
2023-01-24 23:46:31.168, Blok_3_90deg, id           E, 90.0
2023-01-24 23:46:32.164, Blok_3_90deg, id           E, 90.0
2023-01-24 23:46:33.176, Blok_3_90deg, id           E, 90.0
2023-01-24 23:46:34.172, Blok_3_90deg, id           E, 90.0
2023-01-24 23:46:35.164, Blok_3_90deg, id           E, 90.0
2023-01-24 23:46:36.165, Blok_3_90deg, id           E, 90.0
2023-01-24 23:46:37.168, Blok_3_90deg, id           E, 90.0
2023-01-24 23:46:38.166, Blok_3_90deg, id           E, 90.0
2023-01-24 23:46:39.163, Blok_3_90deg, id           E, 90.0
2023-01-24 23:46:40.164, Blok_3_90deg, id           E, 90.0
2023-01-24 23:46:41.166, Blok_3_90deg, id           E, 90.0
2023-01-24 23:46:42.165, Blok_3_90deg, id           E, 90.0
2023-01-24 23:46:43.175, Blok_3_90deg, id           E, 90.0
2023-01-24 23:46:44.172, Blok_3_90deg, id           E, 90.0
2023-01-24 23:46:45.17, Blok_3_90deg, id           E, 90.0
2023-01-24 23:46:46.176, Blok_3_90deg, id           E, 90.0
2023-01-24 23:46:47.173, Blok_3_90deg, id           E, 90.0
2023-01-24 23:46:48.17, Blok_3_90deg, id           E, 90.0
2023-01-24 23:46:49.161, Blok_3_90deg, id           E, 90.0
2023-01-24 23:46:50.161, Blok_3_90deg, id           E, 90.0
2023-01-24 23:46:51.174, Blok_3_90deg, id           E, 90.0
2023-01-24 23:46:52.173, Blok_3_90deg, id           E, 90.0
2023-01-24 23:46:53.175, Blok_3_90deg, id           E, 90.0
2023-01-24 23:46:54.175, Blok_3_90deg, id           E, 90.0
2023-01-24 23:46:55.174, Blok_3_90deg, id           E, 90.0
2023-01-24 23:46:56.17, Blok_3_90deg, id           E, 90.0
2023-01-24 23:46:57.164, Blok_3_90deg, id           E, 90.0
2023-01-24 23:46:58.163, Blok_3_90deg, id           E, 90.0
2023-01-24 23:46:59.166, Blok_3_90deg, id           E, 90.0
2023-01-24 23:47:00.291, Blok_3_90deg, id           E, 90.0
2023-01-24 23:47:01.168, Blok_3_90deg, id           E, 90.0
2023-01-24 23:47:02.164, Blok_3_90deg, id           E, 90.0
2023-01-24 23:47:03.168, Blok_3_90deg, id           E, 90.0
2023-01-24 23:47:04.164, Blok_3_90deg, id           E, 90.0
2023-01-24 23:47:05.167, Blok_3_90deg, id           E, 90.0
2023-01-24 23:47:06.17, Blok_3_90deg, id           E, 90.0
2023-01-24 23:47:07.173, Blok_3_90deg, id           E, 90.0
2023-01-24 23:47:08.168, Blok_3_90deg, id           E, 90.0
2023-01-24 23:47:09.167, Blok_3_90deg, id           E, 90.0
2023-01-24 23:47:10.174, Blok_3_90deg, id           E, 90.0
2023-01-24 23:47:11.174, Blok_3_90deg, id           E, 90.0
2023-01-24 23:47:12.161, Blok_3_90deg, id           E, 90.0
2023-01-24 23:47:13.167, Blok_3_90deg, id           E, 90.0
2023-01-24 23:47:14.165, Blok_3_90deg, id           E, 90.0
2023-01-24 23:47:15.175, Blok_3_90deg, id           E, 90.0
2023-01-24 23:47:16.168, Blok_3_90deg, id           E, 90.0
2023-01-24 23:47:17.168, Blok_3_90deg, id           E, 90.0
2023-01-24 23:47:18.169, Blok_3_90deg, id           E, 90.0
2023-01-24 23:47:19.169, Blok_3_90deg, id           E, 90.0
2023-01-24 23:47:20.161, Blok_3_90deg, id           E, 90.0
2023-01-24 23:47:21.166, Blok_3_90deg, id           E, 90.0
2023-01-24 23:47:22.163, Blok_3_90deg, id           E, 90.0
2023-01-24 23:47:23.168, Blok_3_90deg, id           E, 90.0
2023-01-24 23:47:24.167, Blok_3_90deg, id           E, 90.0
2023-01-24 23:47:25.165, Blok_3_90deg, id           E, 90.0
2023-01-24 23:47:26.163, Blok_3_90deg, id           E, 90.0
2023-01-24 23:47:27.171, Blok_3_90deg, id           E, 90.0
2023-01-24 23:47:28.165, Blok_3_90deg, id           E, 90.0
2023-01-24 23:47:29.174, Blok_3_90deg, id           E, 90.0
2023-01-24 23:47:30.168, Blok_3_90deg, id           E, 90.0
2023-01-24 23:47:31.175, Blok_3_90deg, id           E, 90.0
2023-01-24 23:47:32.195, Blok_3_90deg, id           E, 90.0
2023-01-24 23:47:33.161, Blok_3_90deg, id           E, 90.0
2023-01-24 23:47:34.173, Blok_3_90deg, id           E, 90.0
2023-01-24 23:47:35.166, Blok_3_90deg, id           E, 90.0
2023-01-24 23:47:36.173, Blok_3_90deg, id           E, 90.0
2023-01-24 23:47:37.161, Blok_3_90deg, id           E, 90.0
2023-01-24 23:47:38.174, Blok_3_90deg, id           E, 90.0
2023-01-24 23:47:39.174, Blok_3_90deg, id           E, 90.0
2023-01-24 23:47:40.172, Blok_3_90deg, id           E, 90.0
2023-01-24 23:47:41.173, Blok_3_90deg, id           E, 90.0
2023-01-24 23:47:42.165, Blok_3_90deg, id           E, 90.0
2023-01-24 23:47:43.243, Blok_3_90deg, id           E, 90.0
2023-01-24 23:47:44.165, Blok_3_90deg, id           E, 90.0
2023-01-24 23:47:45.177, Blok_3_90deg, id           E, 90.0
2023-01-24 23:47:46.163, Blok_3_90deg, id           E, 90.0
2023-01-24 23:47:47.174, Blok_3_90deg, id           E, 90.0
2023-01-24 23:47:48.173, Blok_3_90deg, id           E, 90.0
2023-01-24 23:47:49.164, Blok_3_90deg, id           E, 90.0
2023-01-24 23:47:50.175, Blok_3_90deg, id           E, 90.0
2023-01-24 23:47:51.161, Blok_3_90deg, id           E, 90.0
2023-01-24 23:47:52.174, Blok_3_90deg, id           E, 90.0
2023-01-24 23:47:53.166, Blok_3_90deg, id           E, 90.0
2023-01-24 23:47:54.161, Blok_3_90deg, id           E, 90.0
2023-01-24 23:47:55.168, Blok_3_90deg, id           E, 90.0
2023-01-24 23:47:56.168, Blok_3_90deg, id           E, 90.0
2023-01-24 23:47:57.164, Blok_3_90deg, id           E, 90.0
2023-01-24 23:47:58.167, Blok_3_90deg, id           E, 90.0
2023-01-24 23:47:59.168, Blok_3_90deg, id           E, 90.0
2023-01-24 23:48:00.175, Blok_3_90deg, id           E, 90.0
2023-01-24 23:48:01.174, Blok_3_90deg, id           E, 90.0
2023-01-24 23:48:02.165, Blok_3_90deg, id           E, 90.0
2023-01-24 23:48:03.164, Blok_3_90deg, id           E, 90.0
2023-01-24 23:48:04.175, Blok_3_90deg, id           E, 90.0
2023-01-24 23:48:05.168, Blok_3_90deg, id           E, 90.0
2023-01-24 23:48:06.167, Blok_3_90deg, id           E, 90.0
2023-01-24 23:48:07.165, Blok_3_90deg, id           E, 90.0
2023-01-24 23:48:08.166, Blok_3_90deg, id           E, 90.0
2023-01-24 23:48:09.173, Blok_3_90deg, id           E, 90.0
2023-01-24 23:48:10.172, Blok_3_90deg, id           E, 90.0
2023-01-24 23:48:11.174, Blok_3_90deg, id           E, 90.0
2023-01-24 23:48:12.171, Blok_3_90deg, id           E, 90.0
2023-01-24 23:48:13.169, Blok_3_90deg, id           E, 90.0
2023-01-24 23:48:14.168, Blok_3_90deg, id           E, 90.0
2023-01-24 23:48:15.17, Blok_3_90deg, id           E, 90.0
2023-01-24 23:48:16.168, Blok_3_90deg, id           E, 90.0
2023-01-24 23:48:17.174, Blok_3_90deg, id           E, 90.0
2023-01-24 23:48:18.168, Blok_3_90deg, id           E, 90.0
2023-01-24 23:48:19.169, Blok_3_90deg, id           E, 90.0
2023-01-24 23:48:20.171, Blok_3_90deg, id           E, 90.0
2023-01-24 23:48:21.162, Blok_3_90deg, id           E, 90.0
2023-01-24 23:48:22.167, Blok_3_90deg, id           E, 90.0
2023-01-24 23:48:23.163, Blok_3_90deg, id           E, 90.0
2023-01-24 23:48:24.175, Blok_3_90deg, id           E, 90.0
2023-01-24 23:48:25.172, Blok_3_90deg, id           E, 90.0
2023-01-24 23:48:26.168, Blok_3_90deg, id           E, 90.0
2023-01-24 23:48:27.161, Blok_3_90deg, id           E, 90.0
2023-01-24 23:48:28.164, Blok_3_90deg, id           E, 90.0
2023-01-24 23:48:29.162, Blok_3_90deg, id           E, 90.0
2023-01-24 23:48:30.174, Blok_3_90deg, id           E, 90.0
2023-01-24 23:48:31.166, Blok_3_90deg, id           E, 90.0
2023-01-24 23:48:32.164, Blok_3_90deg, id           E, 90.0
2023-01-24 23:48:33.166, Blok_3_90deg, id           E, 90.0
2023-01-24 23:48:34.17, Blok_3_90deg, id           E, 90.0
2023-01-24 23:48:35.168, Blok_3_90deg, id           E, 90.0
2023-01-24 23:48:36.167, Blok_3_90deg, id           E, 90.0
2023-01-24 23:48:37.166, Blok_3_90deg, id           E, 90.0
2023-01-24 23:48:38.168, Blok_3_90deg, id           E, 90.0
2023-01-24 23:48:39.168, Blok_3_90deg, id           E, 90.0
2023-01-24 23:48:40.163, Blok_3_90deg, id           E, 90.0
2023-01-24 23:48:41.162, Blok_3_90deg, id           E, 90.0
2023-01-24 23:48:42.164, Blok_3_90deg, id           E, 90.0
2023-01-24 23:48:43.167, Blok_3_90deg, id           E, 90.0
2023-01-24 23:48:44.165, Blok_3_90deg, id           E, 90.0
2023-01-24 23:48:45.167, Blok_3_90deg, id           E, 90.0
2023-01-24 23:48:46.171, Blok_3_90deg, id           E, 90.0
2023-01-24 23:48:47.164, Blok_3_90deg, id           E, 90.0
2023-01-24 23:48:48.169, Blok_3_90deg, id           E, 90.0
2023-01-24 23:48:49.163, Blok_3_90deg, id           E, 90.0
2023-01-24 23:48:50.173, Blok_3_90deg, id           E, 90.0
2023-01-24 23:48:51.164, Blok_3_90deg, id           E, 90.0
2023-01-24 23:48:52.174, Blok_3_90deg, id           E, 90.0
2023-01-24 23:48:53.162, Blok_3_90deg, id           E, 90.0
2023-01-24 23:48:54.169, Blok_3_90deg, id           E, 90.0
2023-01-24 23:48:55.166, Blok_3_90deg, id           E, 90.0
2023-01-24 23:48:56.166, Blok_3_90deg, id           E, 90.0
2023-01-24 23:48:57.169, Blok_3_90deg, id           E, 90.0
2023-01-24 23:48:58.168, Blok_3_90deg, id           E, 90.0
2023-01-24 23:48:59.169, Blok_3_90deg, id           E, 90.0
2023-01-24 23:49:00.171, Blok_3_90deg, id           E, 90.0
2023-01-24 23:49:01.173, Blok_3_90deg, id           E, 90.0
2023-01-24 23:49:02.168, Blok_3_90deg, id           E, 90.0
2023-01-24 23:49:03.173, Blok_3_90deg, id           E, 90.0
2023-01-24 23:49:04.173, Blok_3_90deg, id           E, 90.0
2023-01-24 23:49:05.174, Blok_3_90deg, id           E, 90.0
2023-01-24 23:49:06.163, Blok_3_90deg, id           E, 90.0
2023-01-24 23:49:07.169, Blok_3_90deg, id           E, 90.0
2023-01-24 23:49:08.171, Blok_3_90deg, id           E, 90.0
2023-01-24 23:49:09.176, Blok_3_90deg, id           E, 90.0
2023-01-24 23:49:10.162, Blok_3_90deg, id           E, 90.0
2023-01-24 23:49:11.164, Blok_3_90deg, id           E, 90.0
2023-01-24 23:49:12.17, Blok_3_90deg, id           E, 90.0
2023-01-24 23:49:13.167, Blok_3_90deg, id           E, 90.0
2023-01-24 23:49:14.177, Blok_3_90deg, id           E, 90.0
2023-01-24 23:49:15.167, Blok_3_90deg, id           E, 90.0
2023-01-24 23:49:16.166, Blok_3_90deg, id           E, 90.0
2023-01-24 23:49:17.166, Blok_3_90deg, id           E, 90.0
2023-01-24 23:49:18.168, Blok_3_90deg, id           E, 90.0
2023-01-24 23:49:19.175, Blok_3_90deg, id           E, 90.0
2023-01-24 23:49:20.176, Blok_3_90deg, id           E, 90.0
2023-01-24 23:49:21.169, Blok_3_90deg, id           E, 90.0
2023-01-24 23:49:22.175, Blok_3_90deg, id           E, 90.0
2023-01-24 23:49:23.164, Blok_3_90deg, id           E, 90.0
2023-01-24 23:49:24.175, Blok_3_90deg, id           E, 90.0
2023-01-24 23:49:25.173, Blok_3_90deg, id           E, 90.0
2023-01-24 23:49:26.167, Blok_3_90deg, id           E, 90.0
2023-01-24 23:49:27.164, Blok_3_90deg, id           E, 90.0
2023-01-24 23:49:28.238, Blok_3_90deg, id           E, 90.0
2023-01-24 23:49:29.176, Blok_3_90deg, id           E, 90.0
2023-01-24 23:49:30.176, Blok_3_90deg, id           E, 90.0
2023-01-24 23:49:31.173, Blok_3_90deg, id           E, 90.0
2023-01-24 23:49:32.167, Blok_3_90deg, id           E, 90.0
2023-01-24 23:49:33.167, Blok_3_90deg, id           E, 90.0
2023-01-24 23:49:34.163, Blok_3_90deg, id           E, 90.0
2023-01-24 23:49:35.174, Blok_3_90deg, id           E, 90.0
2023-01-24 23:49:36.17, Blok_3_90deg, id           E, 90.0
2023-01-24 23:49:37.168, Blok_3_90deg, id           E, 90.0
2023-01-24 23:49:38.167, Blok_3_90deg, id           E, 90.0
2023-01-24 23:49:39.17, Blok_3_90deg, id           E, 90.0
2023-01-24 23:49:40.171, Blok_3_90deg, id           E, 90.0
2023-01-24 23:49:41.174, Blok_3_90deg, id           E, 90.0
2023-01-24 23:49:42.174, Blok_3_90deg, id           E, 90.0
2023-01-24 23:49:43.17, Blok_3_90deg, id           E, 90.0
2023-01-24 23:49:44.171, Blok_3_90deg, id           E, 90.0
2023-01-24 23:49:45.166, Blok_3_90deg, id           E, 90.0
2023-01-24 23:49:46.164, Blok_3_90deg, id           E, 90.0
2023-01-24 23:49:47.176, Blok_3_90deg, id           E, 90.0
2023-01-24 23:49:48.176, Blok_3_90deg, id           E, 90.0
2023-01-24 23:49:49.161, Blok_3_90deg, id           E, 90.0
2023-01-24 23:49:50.176, Blok_3_90deg, id           E, 90.0
2023-01-24 23:49:51.174, Blok_3_90deg, id           E, 90.0
2023-01-24 23:49:52.168, Blok_3_90deg, id           E, 90.0
2023-01-24 23:49:53.162, Blok_3_90deg, id           E, 90.0
2023-01-24 23:49:54.176, Blok_3_90deg, id           E, 90.0
2023-01-24 23:49:55.176, Blok_3_90deg, id           E, 90.0
2023-01-24 23:49:56.162, Blok_3_90deg, id           E, 90.0
2023-01-24 23:49:57.169, Blok_3_90deg, id           E, 90.0
2023-01-24 23:49:58.166, Blok_3_90deg, id           E, 90.0
2023-01-24 23:49:59.163, Blok_3_90deg, id           E, 90.0
2023-01-24 23:50:00.174, Blok_3_90deg, id           E, 90.0
2023-01-24 23:50:01.164, Blok_3_90deg, id           E, 90.0
2023-01-24 23:50:02.169, Blok_3_90deg, id           E, 90.0
2023-01-24 23:50:03.162, Blok_3_90deg, id           E, 90.0
2023-01-24 23:50:04.173, Blok_3_90deg, id           E, 90.0
2023-01-24 23:50:05.173, Blok_3_90deg, id           E, 90.0
2023-01-24 23:50:06.167, Blok_3_90deg, id           E, 90.0
2023-01-24 23:50:07.172, Blok_3_90deg, id           E, 90.0
2023-01-24 23:50:08.165, Blok_3_90deg, id           E, 90.0
2023-01-24 23:50:09.174, Blok_3_90deg, id           E, 90.0
2023-01-24 23:50:10.176, Blok_3_90deg, id           E, 90.0
2023-01-24 23:50:11.171, Blok_3_90deg, id           E, 90.0
2023-01-24 23:50:12.162, Blok_3_90deg, id           E, 90.0
2023-01-24 23:50:13.17, Blok_3_90deg, id           E, 90.0
2023-01-24 23:50:14.168, Blok_3_90deg, id           E, 90.0
2023-01-24 23:50:15.166, Blok_3_90deg, id           E, 90.0
2023-01-24 23:50:16.171, Blok_3_90deg, id           E, 90.0
2023-01-24 23:50:17.164, Blok_3_90deg, id           E, 90.0
2023-01-24 23:50:18.163, Blok_3_90deg, id           E, 90.0
2023-01-24 23:50:19.168, Blok_3_90deg, id           E, 90.0
2023-01-24 23:50:20.17, Blok_3_90deg, id           E, 90.0
2023-01-24 23:50:21.169, Blok_3_90deg, id           E, 90.0
2023-01-24 23:50:22.168, Blok_3_90deg, id           E, 90.0
2023-01-24 23:50:23.166, Blok_3_90deg, id           E, 90.0
2023-01-24 23:50:24.169, Blok_3_90deg, id           E, 90.0
2023-01-24 23:50:25.173, Blok_3_90deg, id           E, 90.0
2023-01-24 23:50:26.17, Blok_3_90deg, id           E, 90.0
2023-01-24 23:50:27.172, Blok_3_90deg, id           E, 90.0
2023-01-24 23:50:28.176, Blok_3_90deg, id           E, 90.0
2023-01-24 23:50:29.167, Blok_3_90deg, id           E, 90.0
2023-01-24 23:50:30.165, Blok_3_90deg, id           E, 90.0
2023-01-24 23:50:31.161, Blok_3_90deg, id           E, 90.0
2023-01-24 23:50:32.161, Blok_3_90deg, id           E, 90.0
2023-01-24 23:50:33.168, Blok_3_90deg, id           E, 90.0
2023-01-24 23:50:34.171, Blok_3_90deg, id           E, 90.0
2023-01-24 23:50:35.167, Blok_3_90deg, id           E, 90.0
2023-01-24 23:50:36.169, Blok_3_90deg, id           E, 90.0
2023-01-24 23:50:37.166, Blok_3_90deg, id           E, 90.0
2023-01-24 23:50:38.161, Blok_3_90deg, id           E, 90.0
2023-01-24 23:50:39.171, Blok_3_90deg, id           E, 90.0
2023-01-24 23:50:40.172, Blok_3_90deg, id           E, 90.0
2023-01-24 23:50:41.173, Blok_3_90deg, id           E, 90.0
2023-01-24 23:50:42.167, Blok_3_90deg, id           E, 90.0
2023-01-24 23:50:43.175, Blok_3_90deg, id           E, 90.0
2023-01-24 23:50:44.176, Blok_3_90deg, id           E, 90.0
2023-01-24 23:50:45.176, Blok_3_90deg, id           E, 90.0
2023-01-24 23:50:46.166, Blok_3_90deg, id           E, 90.0
2023-01-24 23:50:47.175, Blok_3_90deg, id           E, 90.0
2023-01-24 23:50:48.168, Blok_3_90deg, id           E, 90.0
2023-01-24 23:50:49.164, Blok_3_90deg, id           E, 90.0
2023-01-24 23:50:50.169, Blok_3_90deg, id           E, 90.0
2023-01-24 23:50:51.165, Blok_3_90deg, id           E, 90.0
2023-01-24 23:50:52.167, Blok_3_90deg, id           E, 90.0
2023-01-24 23:50:53.162, Blok_3_90deg, id           E, 90.0
2023-01-24 23:50:54.162, Blok_3_90deg, id           E, 90.0
2023-01-24 23:50:55.168, Blok_3_90deg, id           E, 90.0
2023-01-24 23:50:56.171, Blok_3_90deg, id           E, 90.0
2023-01-24 23:50:57.167, Blok_3_90deg, id           E, 90.0
2023-01-24 23:50:58.169, Blok_3_90deg, id           E, 90.0
2023-01-24 23:50:59.161, Blok_3_90deg, id           E, 90.0
2023-01-24 23:51:00.162, Blok_3_90deg, id           E, 90.0
2023-01-24 23:51:01.164, Blok_3_90deg, id           E, 90.0
2023-01-24 23:51:02.164, Blok_3_90deg, id           E, 90.0
2023-01-24 23:51:03.175, Blok_3_90deg, id           E, 90.0
2023-01-24 23:51:04.169, Blok_3_90deg, id           E, 90.0
2023-01-24 23:51:05.172, Blok_3_90deg, id           E, 90.0
2023-01-24 23:51:06.163, Blok_3_90deg, id           E, 90.0
2023-01-24 23:51:07.164, Blok_3_90deg, id           E, 90.0
2023-01-24 23:51:08.173, Blok_3_90deg, id           E, 90.0
2023-01-24 23:51:09.169, Blok_3_90deg, id           E, 90.0
2023-01-24 23:51:10.17, Blok_3_90deg, id           E, 90.0
2023-01-24 23:51:11.169, Blok_3_90deg, id           E, 90.0
2023-01-24 23:51:12.172, Blok_3_90deg, id           E, 90.0
2023-01-24 23:51:13.17, Blok_3_90deg, id           E, 90.0
2023-01-24 23:51:14.175, Blok_3_90deg, id           E, 90.0
2023-01-24 23:51:15.169, Blok_3_90deg, id           E, 90.0
2023-01-24 23:51:16.162, Blok_3_90deg, id           E, 90.0
2023-01-24 23:51:17.167, Blok_3_90deg, id           E, 90.0
2023-01-24 23:51:18.172, Blok_3_90deg, id           E, 90.0
2023-01-24 23:51:19.168, Blok_3_90deg, id           E, 90.0
2023-01-24 23:51:20.17, Blok_3_90deg, id           E, 90.0
2023-01-24 23:51:21.176, Blok_3_90deg, id           E, 90.0
2023-01-24 23:51:22.162, Blok_3_90deg, id           E, 90.0
2023-01-24 23:51:23.172, Blok_3_90deg, id           E, 90.0
2023-01-24 23:51:24.171, Blok_3_90deg, id           E, 90.0
2023-01-24 23:51:25.167, Blok_3_90deg, id           E, 90.0
2023-01-24 23:51:26.17, Blok_3_90deg, id           E, 90.0
2023-01-24 23:51:27.166, Blok_3_90deg, id           E, 90.0
2023-01-24 23:51:28.168, Blok_3_90deg, id           E, 90.0
2023-01-24 23:51:29.162, Blok_3_90deg, id           E, 90.0
2023-01-24 23:51:30.161, Blok_3_90deg, id           E, 90.0
2023-01-24 23:51:31.175, Blok_3_90deg, id           E, 90.0
2023-01-24 23:51:32.167, Blok_3_90deg, id           E, 90.0
2023-01-24 23:51:33.171, Blok_3_90deg, id           E, 90.0
2023-01-24 23:51:34.173, Blok_3_90deg, id           E, 90.0
2023-01-24 23:51:35.162, Blok_3_90deg, id           E, 90.0
2023-01-24 23:51:36.17, Blok_3_90deg, id           E, 90.0
2023-01-24 23:51:37.165, Blok_3_90deg, id           E, 90.0
2023-01-24 23:51:38.163, Blok_3_90deg, id           E, 90.0
2023-01-24 23:51:39.174, Blok_3_90deg, id           E, 90.0
2023-01-24 23:51:40.173, Blok_3_90deg, id           E, 90.0
2023-01-24 23:51:41.165, Blok_3_90deg, id           E, 90.0
2023-01-24 23:51:42.171, Blok_3_90deg, id           E, 90.0
2023-01-24 23:51:43.163, Blok_3_90deg, id           E, 90.0
2023-01-24 23:51:44.164, Blok_3_90deg, id           E, 90.0
2023-01-24 23:51:45.174, Blok_3_90deg, id           E, 90.0
2023-01-24 23:51:46.162, Blok_3_90deg, id           E, 90.0
2023-01-24 23:51:47.166, Blok_3_90deg, id           E, 90.0
2023-01-24 23:51:48.166, Blok_3_90deg, id           E, 90.0
2023-01-24 23:51:49.169, Blok_3_90deg, id           E, 90.0
2023-01-24 23:51:50.174, Blok_3_90deg, id           E, 90.0
2023-01-24 23:51:51.168, Blok_3_90deg, id           E, 90.0
2023-01-24 23:51:52.161, Blok_3_90deg, id           E, 90.0
2023-01-24 23:51:53.176, Blok_3_90deg, id           E, 90.0
2023-01-24 23:51:54.166, Blok_3_90deg, id           E, 90.0
2023-01-24 23:51:55.176, Blok_3_90deg, id           E, 90.0
2023-01-24 23:51:56.164, Blok_3_90deg, id           E, 90.0
2023-01-24 23:51:57.161, Blok_3_90deg, id           E, 90.0
2023-01-24 23:51:58.163, Blok_3_90deg, id           E, 90.0
2023-01-24 23:51:59.17, Blok_3_90deg, id           E, 90.0
2023-01-24 23:52:00.161, Blok_3_90deg, id           E, 90.0
2023-01-24 23:52:01.175, Blok_3_90deg, id           E, 90.0
2023-01-24 23:52:02.163, Blok_3_90deg, id           E, 90.0
2023-01-24 23:52:03.168, Blok_3_90deg, id           E, 90.0
2023-01-24 23:52:04.174, Blok_3_90deg, id           E, 90.0
2023-01-24 23:52:05.168, Blok_3_90deg, id           E, 90.0
2023-01-24 23:52:06.173, Blok_3_90deg, id           E, 90.0
2023-01-24 23:52:07.168, Blok_3_90deg, id           E, 90.0
2023-01-24 23:52:08.172, Blok_3_90deg, id           E, 90.0
2023-01-24 23:52:09.175, Blok_3_90deg, id           E, 90.0
2023-01-24 23:52:10.162, Blok_3_90deg, id           E, 90.0
2023-01-24 23:52:11.166, Blok_3_90deg, id           E, 90.0
2023-01-24 23:52:12.174, Blok_3_90deg, id           E, 90.0
2023-01-24 23:52:13.172, Blok_3_90deg, id           E, 90.0
2023-01-24 23:52:14.162, Blok_3_90deg, id           E, 90.0
2023-01-24 23:52:15.164, Blok_3_90deg, id           E, 90.0
2023-01-24 23:52:16.161, Blok_3_90deg, id           E, 90.0
2023-01-24 23:52:17.173, Blok_3_90deg, id           E, 90.0
2023-01-24 23:52:18.176, Blok_3_90deg, id           E, 90.0
2023-01-24 23:52:19.169, Blok_3_90deg, id           E, 90.0
2023-01-24 23:52:20.172, Blok_3_90deg, id           E, 90.0
2023-01-24 23:52:21.165, Blok_3_90deg, id           E, 90.0
2023-01-24 23:52:22.167, Blok_3_90deg, id           E, 90.0
2023-01-24 23:52:23.172, Blok_3_90deg, id           E, 90.0
2023-01-24 23:52:24.161, Blok_3_90deg, id           E, 90.0
2023-01-24 23:52:25.161, Blok_3_90deg, id           E, 90.0
2023-01-24 23:52:26.173, Blok_3_90deg, id           E, 90.0
2023-01-24 23:52:27.171, Blok_3_90deg, id           E, 90.0
2023-01-24 23:52:28.167, Blok_3_90deg, id           E, 90.0
2023-01-24 23:52:29.166, Blok_3_90deg, id           E, 90.0
2023-01-24 23:52:30.168, Blok_3_90deg, id           E, 90.0
2023-01-24 23:52:31.175, Blok_3_90deg, id           E, 90.0
2023-01-24 23:52:32.169, Blok_3_90deg, id           E, 90.0
2023-01-24 23:52:33.174, Blok_3_90deg, id           E, 90.0
2023-01-24 23:52:34.17, Blok_3_90deg, id           E, 90.0
2023-01-24 23:52:35.166, Blok_3_90deg, id           E, 90.0
2023-01-24 23:52:36.173, Blok_3_90deg, id           E, 90.0
2023-01-24 23:52:37.164, Blok_3_90deg, id           E, 90.0
2023-01-24 23:52:38.162, Blok_3_90deg, id           E, 90.0
2023-01-24 23:52:39.172, Blok_3_90deg, id           E, 90.0
2023-01-24 23:52:40.175, Blok_3_90deg, id           E, 90.0
2023-01-24 23:52:41.176, Blok_3_90deg, id           E, 90.0
2023-01-24 23:52:42.172, Blok_3_90deg, id           E, 90.0
2023-01-24 23:52:43.174, Blok_3_90deg, id           E, 90.0
2023-01-24 23:52:44.161, Blok_3_90deg, id           E, 90.0
2023-01-24 23:52:45.161, Blok_3_90deg, id           E, 90.0
2023-01-24 23:52:46.17, Blok_3_90deg, id           E, 90.0
2023-01-24 23:52:47.164, Blok_3_90deg, id           E, 90.0
2023-01-24 23:52:48.164, Blok_3_90deg, id           E, 90.0
2023-01-24 23:52:49.176, Blok_3_90deg, id           E, 90.0
2023-01-24 23:52:50.163, Blok_3_90deg, id           E, 90.0
2023-01-24 23:52:51.163, Blok_3_90deg, id           E, 90.0
2023-01-24 23:52:52.161, Blok_3_90deg, id           E, 90.0
2023-01-24 23:52:53.175, Blok_3_90deg, id           E, 90.0
2023-01-24 23:52:54.168, Blok_3_90deg, id           E, 90.0
2023-01-24 23:52:55.17, Blok_3_90deg, id           E, 90.0
2023-01-24 23:52:56.175, Blok_3_90deg, id           E, 90.0
2023-01-24 23:52:57.167, Blok_3_90deg, id           E, 90.0
2023-01-24 23:52:58.167, Blok_3_90deg, id           E, 90.0
2023-01-24 23:52:59.174, Blok_3_90deg, id           E, 90.0
2023-01-24 23:53:00.173, Blok_3_90deg, id           E, 90.0
2023-01-24 23:53:01.176, Blok_3_90deg, id           E, 90.0
2023-01-24 23:53:02.168, Blok_3_90deg, id           E, 90.0
2023-01-24 23:53:03.171, Blok_3_90deg, id           E, 90.0
2023-01-24 23:53:04.176, Blok_3_90deg, id           E, 90.0
2023-01-24 23:53:05.172, Blok_3_90deg, id           E, 90.0
2023-01-24 23:53:06.168, Blok_3_90deg, id           E, 90.0
2023-01-24 23:53:07.171, Blok_3_90deg, id           E, 90.0
2023-01-24 23:53:08.163, Blok_3_90deg, id           E, 90.0
2023-01-24 23:53:09.174, Blok_3_90deg, id           E, 90.0
2023-01-24 23:53:10.176, Blok_3_90deg, id           E, 90.0
2023-01-24 23:53:11.172, Blok_3_90deg, id           E, 90.0
2023-01-24 23:53:12.168, Blok_3_90deg, id           E, 90.0
2023-01-24 23:53:13.166, Blok_3_90deg, id           E, 90.0
2023-01-24 23:53:14.176, Blok_3_90deg, id           E, 90.0
2023-01-24 23:53:15.171, Blok_3_90deg, id           E, 90.0
2023-01-24 23:53:16.174, Blok_3_90deg, id           E, 90.0
2023-01-24 23:53:17.175, Blok_3_90deg, id           E, 90.0
2023-01-24 23:53:18.168, Blok_3_90deg, id           E, 90.0
2023-01-24 23:53:19.165, Blok_3_90deg, id           E, 90.0
2023-01-24 23:53:20.161, Blok_3_90deg, id           E, 90.0
2023-01-24 23:53:21.168, Blok_3_90deg, id           E, 90.0
2023-01-24 23:53:22.165, Blok_3_90deg, id           E, 90.0
2023-01-24 23:53:23.174, Blok_3_90deg, id           E, 90.0
2023-01-24 23:53:24.176, Blok_3_90deg, id           E, 90.0
2023-01-24 23:53:25.173, Blok_3_90deg, id           E, 90.0
2023-01-24 23:53:26.168, Blok_3_90deg, id           E, 90.0
2023-01-24 23:53:27.171, Blok_3_90deg, id           E, 90.0
2023-01-24 23:53:28.164, Blok_3_90deg, id           E, 90.0
2023-01-24 23:53:29.164, Blok_3_90deg, id           E, 90.0
2023-01-24 23:53:30.162, Blok_3_90deg, id           E, 90.0
2023-01-24 23:53:31.167, Blok_3_90deg, id           E, 90.0
2023-01-24 23:53:32.169, Blok_3_90deg, id           E, 90.0
2023-01-24 23:53:33.164, Blok_3_90deg, id           E, 90.0
2023-01-24 23:53:34.161, Blok_3_90deg, id           E, 90.0
2023-01-24 23:53:35.172, Blok_3_90deg, id           E, 90.0
2023-01-24 23:53:36.175, Blok_3_90deg, id           E, 90.0
2023-01-24 23:53:37.174, Blok_3_90deg, id           E, 90.0
2023-01-24 23:53:38.174, Blok_3_90deg, id           E, 90.0
2023-01-24 23:53:39.173, Blok_3_90deg, id           E, 90.0
2023-01-24 23:53:40.169, Blok_3_90deg, id           E, 90.0
2023-01-24 23:53:41.17, Blok_3_90deg, id           E, 90.0
2023-01-24 23:53:42.163, Blok_3_90deg, id           E, 90.0
2023-01-24 23:53:43.173, Blok_3_90deg, id           E, 90.0
2023-01-24 23:53:44.167, Blok_3_90deg, id           E, 90.0
2023-01-24 23:53:45.164, Blok_3_90deg, id           E, 90.0
2023-01-24 23:53:46.161, Blok_3_90deg, id           E, 90.0
2023-01-24 23:53:47.165, Blok_3_90deg, id           E, 90.0
2023-01-24 23:53:48.176, Blok_3_90deg, id           E, 90.0
2023-01-24 23:53:49.173, Blok_3_90deg, id           E, 90.0
2023-01-24 23:53:50.168, Blok_3_90deg, id           E, 90.0
2023-01-24 23:53:51.161, Blok_3_90deg, id           E, 90.0
2023-01-24 23:53:52.161, Blok_3_90deg, id           E, 90.0
2023-01-24 23:53:53.162, Blok_3_90deg, id           E, 90.0
2023-01-24 23:53:54.174, Blok_3_90deg, id           E, 90.0
2023-01-24 23:53:55.17, Blok_3_90deg, id           E, 90.0
2023-01-24 23:53:56.169, Blok_3_90deg, id           E, 90.0
2023-01-24 23:53:57.162, Blok_3_90deg, id           E, 90.0
2023-01-24 23:53:58.172, Blok_3_90deg, id           E, 90.0
2023-01-24 23:53:59.164, Blok_3_90deg, id           E, 90.0
2023-01-24 23:54:00.161, Blok_3_90deg, id           E, 90.0
2023-01-24 23:54:01.161, Blok_3_90deg, id           E, 90.0
2023-01-24 23:54:02.17, Blok_3_90deg, id           E, 90.0
2023-01-24 23:54:03.176, Blok_3_90deg, id           E, 90.0
2023-01-24 23:54:04.174, Blok_3_90deg, id           E, 90.0
2023-01-24 23:54:05.169, Blok_3_90deg, id           E, 90.0
2023-01-24 23:54:06.174, Blok_3_90deg, id           E, 90.0
2023-01-24 23:54:07.162, Blok_3_90deg, id           E, 90.0
2023-01-24 23:54:08.171, Blok_3_90deg, id           E, 90.0
2023-01-24 23:54:09.163, Blok_3_90deg, id           E, 90.0
2023-01-24 23:54:10.172, Blok_3_90deg, id           E, 90.0
2023-01-24 23:54:11.176, Blok_3_90deg, id           E, 90.0
2023-01-24 23:54:12.17, Blok_3_90deg, id           E, 90.0
2023-01-24 23:54:13.172, Blok_3_90deg, id           E, 90.0
2023-01-24 23:54:14.172, Blok_3_90deg, id           E, 90.0
2023-01-24 23:54:15.163, Blok_3_90deg, id           E, 90.0
2023-01-24 23:54:16.161, Blok_3_90deg, id           E, 90.0
2023-01-24 23:54:17.172, Blok_3_90deg, id           E, 90.0
2023-01-24 23:54:18.172, Blok_3_90deg, id           E, 90.0
2023-01-24 23:54:19.17, Blok_3_90deg, id           E, 90.0
2023-01-24 23:54:20.17, Blok_3_90deg, id           E, 90.0
2023-01-24 23:54:21.164, Blok_3_90deg, id           E, 90.0
2023-01-24 23:54:22.162, Blok_3_90deg, id           E, 90.0
2023-01-24 23:54:23.168, Blok_3_90deg, id           E, 90.0
2023-01-24 23:54:24.165, Blok_3_90deg, id           E, 90.0
2023-01-24 23:54:25.166, Blok_3_90deg, id           E, 90.0
2023-01-24 23:54:26.162, Blok_3_90deg, id           E, 90.0
2023-01-24 23:54:27.166, Blok_3_90deg, id           E, 90.0
2023-01-24 23:54:28.162, Blok_3_90deg, id           E, 90.0
2023-01-24 23:54:29.174, Blok_3_90deg, id           E, 90.0
2023-01-24 23:54:30.163, Blok_3_90deg, id           E, 90.0
2023-01-24 23:54:31.163, Blok_3_90deg, id           E, 90.0
2023-01-24 23:54:32.161, Blok_3_90deg, id           E, 90.0
2023-01-24 23:54:33.175, Blok_3_90deg, id           E, 90.0
2023-01-24 23:54:34.17, Blok_3_90deg, id           E, 90.0
2023-01-24 23:54:35.168, Blok_3_90deg, id           E, 90.0
2023-01-24 23:54:36.168, Blok_3_90deg, id           E, 90.0
2023-01-24 23:54:37.168, Blok_3_90deg, id           E, 90.0
2023-01-24 23:54:38.162, Blok_3_90deg, id           E, 90.0
2023-01-24 23:54:39.162, Blok_3_90deg, id           E, 90.0
2023-01-24 23:54:40.164, Blok_3_90deg, id           E, 90.0
2023-01-24 23:54:41.169, Blok_3_90deg, id           E, 90.0
2023-01-24 23:54:42.171, Blok_3_90deg, id           E, 90.0
2023-01-24 23:54:43.172, Blok_3_90deg, id           E, 90.0
2023-01-24 23:54:44.167, Blok_3_90deg, id           E, 90.0
2023-01-24 23:54:45.168, Blok_3_90deg, id           E, 90.0
2023-01-24 23:54:46.164, Blok_3_90deg, id           E, 90.0
2023-01-24 23:54:47.175, Blok_3_90deg, id           E, 90.0
2023-01-24 23:54:48.171, Blok_3_90deg, id           E, 90.0
2023-01-24 23:54:49.169, Blok_3_90deg, id           E, 90.0
2023-01-24 23:54:50.168, Blok_3_90deg, id           E, 90.0
2023-01-24 23:54:51.163, Blok_3_90deg, id           E, 90.0
2023-01-24 23:54:52.176, Blok_3_90deg, id           E, 90.0
2023-01-24 23:54:53.162, Blok_3_90deg, id           E, 90.0
2023-01-24 23:54:54.175, Blok_3_90deg, id           E, 90.0
2023-01-24 23:54:55.176, Blok_3_90deg, id           E, 90.0
2023-01-24 23:54:56.175, Blok_3_90deg, id           E, 90.0
2023-01-24 23:54:57.171, Blok_3_90deg, id           E, 90.0
2023-01-24 23:54:58.174, Blok_3_90deg, id           E, 90.0
2023-01-24 23:54:59.173, Blok_3_90deg, id           E, 90.0
2023-01-24 23:55:00.169, Blok_3_90deg, id           E, 90.0
2023-01-24 23:55:01.166, Blok_3_90deg, id           E, 90.0
2023-01-24 23:55:02.162, Blok_3_90deg, id           E, 90.0
2023-01-24 23:55:03.172, Blok_3_90deg, id           E, 90.0
2023-01-24 23:55:04.164, Blok_3_90deg, id           E, 90.0
2023-01-24 23:55:05.167, Blok_3_90deg, id           E, 90.0
2023-01-24 23:55:06.169, Blok_3_90deg, id           E, 90.0
2023-01-24 23:55:07.175, Blok_3_90deg, id           E, 90.0
2023-01-24 23:55:08.162, Blok_3_90deg, id           E, 90.0
2023-01-24 23:55:09.162, Blok_3_90deg, id           E, 90.0
2023-01-24 23:55:10.17, Blok_3_90deg, id           E, 90.0
2023-01-24 23:55:11.169, Blok_3_90deg, id           E, 90.0
2023-01-24 23:55:12.174, Blok_3_90deg, id           E, 90.0
2023-01-24 23:55:13.161, Blok_3_90deg, id           E, 90.0
2023-01-24 23:55:14.171, Blok_3_90deg, id           E, 90.0
2023-01-24 23:55:15.17, Blok_3_90deg, id           E, 90.0
2023-01-24 23:55:16.164, Blok_3_90deg, id           E, 90.0
2023-01-24 23:55:17.175, Blok_3_90deg, id           E, 90.0
2023-01-24 23:55:18.174, Blok_3_90deg, id           E, 90.0
2023-01-24 23:55:19.174, Blok_3_90deg, id           E, 90.0
2023-01-24 23:55:20.173, Blok_3_90deg, id           E, 90.0
2023-01-24 23:55:21.171, Blok_3_90deg, id           E, 90.0
2023-01-24 23:55:22.168, Blok_3_90deg, id           E, 90.0
2023-01-24 23:55:23.164, Blok_3_90deg, id           E, 90.0
2023-01-24 23:55:24.172, Blok_3_90deg, id           E, 90.0
2023-01-24 23:55:25.164, Blok_3_90deg, id           E, 90.0
2023-01-24 23:55:26.174, Blok_3_90deg, id           E, 90.0
2023-01-24 23:55:27.175, Blok_3_90deg, id           E, 90.0
2023-01-24 23:55:28.166, Blok_3_90deg, id           E, 90.0
2023-01-24 23:55:29.165, Blok_3_90deg, id           E, 90.0
2023-01-24 23:55:30.16, Blok_3_90deg, id           E, 90.0
2023-01-24 23:55:31.162, Blok_3_90deg, id           E, 90.0
2023-01-24 23:55:32.172, Blok_3_90deg, id           E, 90.0
2023-01-24 23:55:33.162, Blok_3_90deg, id           E, 90.0
2023-01-24 23:55:34.172, Blok_3_90deg, id           E, 90.0
2023-01-24 23:55:35.169, Blok_3_90deg, id           E, 90.0
2023-01-24 23:55:36.165, Blok_3_90deg, id           E, 90.0
2023-01-24 23:55:37.173, Blok_3_90deg, id           E, 90.0
2023-01-24 23:55:38.168, Blok_3_90deg, id           E, 90.0
2023-01-24 23:55:39.166, Blok_3_90deg, id           E, 90.0
2023-01-24 23:55:40.169, Blok_3_90deg, id           E, 90.0
2023-01-24 23:55:41.164, Blok_3_90deg, id           E, 90.0
2023-01-24 23:55:42.174, Blok_3_90deg, id           E, 90.0
2023-01-24 23:55:43.172, Blok_3_90deg, id           E, 90.0
2023-01-24 23:55:44.169, Blok_3_90deg, id           E, 90.0
2023-01-24 23:55:45.162, Blok_3_90deg, id           E, 90.0
2023-01-24 23:55:46.172, Blok_3_90deg, id           E, 90.0
2023-01-24 23:55:47.174, Blok_3_90deg, id           E, 90.0
2023-01-24 23:55:48.162, Blok_3_90deg, id           E, 90.0
2023-01-24 23:55:49.161, Blok_3_90deg, id           E, 90.0
2023-01-24 23:55:50.172, Blok_3_90deg, id           E, 90.0
2023-01-24 23:55:51.173, Blok_3_90deg, id           E, 90.0
2023-01-24 23:55:52.163, Blok_3_90deg, id           E, 90.0
2023-01-24 23:55:53.167, Blok_3_90deg, id           E, 90.0
2023-01-24 23:55:54.175, Blok_3_90deg, id           E, 90.0
2023-01-24 23:55:55.166, Blok_3_90deg, id           E, 90.0
2023-01-24 23:55:56.161, Blok_3_90deg, id           E, 90.0
2023-01-24 23:55:57.167, Blok_3_90deg, id           E, 90.0
2023-01-24 23:55:58.167, Blok_3_90deg, id           E, 90.0
2023-01-24 23:55:59.17, Blok_3_90deg, id           E, 90.0
2023-01-24 23:56:00.168, Blok_3_90deg, id           E, 90.0
2023-01-24 23:56:01.164, Blok_3_90deg, id           E, 90.0
2023-01-24 23:56:02.169, Blok_3_90deg, id           E, 90.0
2023-01-24 23:56:03.166, Blok_3_90deg, id           E, 90.0
2023-01-24 23:56:04.162, Blok_3_90deg, id           E, 90.0
2023-01-24 23:56:05.173, Blok_3_90deg, id           E, 90.0
2023-01-24 23:56:06.171, Blok_3_90deg, id           E, 90.0
2023-01-24 23:56:07.166, Blok_3_90deg, id           E, 90.0
2023-01-24 23:56:08.162, Blok_3_90deg, id           E, 90.0
2023-01-24 23:56:09.161, Blok_3_90deg, id           E, 90.0
2023-01-24 23:56:10.168, Blok_3_90deg, id           E, 90.0
2023-01-24 23:56:11.167, Blok_3_90deg, id           E, 90.0
2023-01-24 23:56:12.166, Blok_3_90deg, id           E, 90.0
2023-01-24 23:56:13.164, Blok_3_90deg, id           E, 90.0
2023-01-24 23:56:14.161, Blok_3_90deg, id           E, 90.0
2023-01-24 23:56:15.163, Blok_3_90deg, id           E, 90.0
2023-01-24 23:56:16.174, Blok_3_90deg, id           E, 90.0
2023-01-24 23:56:17.176, Blok_3_90deg, id           E, 90.0
2023-01-24 23:56:18.168, Blok_3_90deg, id           E, 90.0
2023-01-24 23:56:19.166, Blok_3_90deg, id           E, 90.0
2023-01-24 23:56:20.162, Blok_3_90deg, id           E, 90.0
2023-01-24 23:56:21.163, Blok_3_90deg, id           E, 90.0
2023-01-24 23:56:22.164, Blok_3_90deg, id           E, 90.0
2023-01-24 23:56:23.175, Blok_3_90deg, id           E, 90.0
2023-01-24 23:56:24.161, Blok_3_90deg, id           E, 90.0
2023-01-24 23:56:25.176, Blok_3_90deg, id           E, 90.0
2023-01-24 23:56:26.173, Blok_3_90deg, id           E, 90.0
2023-01-24 23:56:27.169, Blok_3_90deg, id           E, 90.0
2023-01-24 23:56:28.161, Blok_3_90deg, id           E, 90.0
2023-01-24 23:56:29.174, Blok_3_90deg, id           E, 90.0
2023-01-24 23:56:30.172, Blok_3_90deg, id           E, 90.0
2023-01-24 23:56:31.172, Blok_3_90deg, id           E, 90.0
2023-01-24 23:56:32.166, Blok_3_90deg, id           E, 90.0
2023-01-24 23:56:33.164, Blok_3_90deg, id           E, 90.0
2023-01-24 23:56:34.162, Blok_3_90deg, id           E, 90.0
2023-01-24 23:56:35.176, Blok_3_90deg, id           E, 90.0
2023-01-24 23:56:36.171, Blok_3_90deg, id           E, 90.0
2023-01-24 23:56:37.171, Blok_3_90deg, id           E, 90.0
2023-01-24 23:56:38.172, Blok_3_90deg, id           E, 90.0
2023-01-24 23:56:39.175, Blok_3_90deg, id           E, 90.0
2023-01-24 23:56:40.171, Blok_3_90deg, id           E, 90.0
2023-01-24 23:56:41.169, Blok_3_90deg, id           E, 90.0
2023-01-24 23:56:42.169, Blok_3_90deg, id           E, 90.0
2023-01-24 23:56:43.161, Blok_3_90deg, id           E, 90.0
2023-01-24 23:56:44.174, Blok_3_90deg, id           E, 90.0
2023-01-24 23:56:45.169, Blok_3_90deg, id           E, 90.0
2023-01-24 23:56:46.165, Blok_3_90deg, id           E, 90.0
2023-01-24 23:56:47.162, Blok_3_90deg, id           E, 90.0
2023-01-24 23:56:48.176, Blok_3_90deg, id           E, 90.0
2023-01-24 23:56:49.161, Blok_3_90deg, id           E, 90.0
2023-01-24 23:56:50.167, Blok_3_90deg, id           E, 90.0
2023-01-24 23:56:51.167, Blok_3_90deg, id           E, 90.0
2023-01-24 23:56:52.165, Blok_3_90deg, id           E, 90.0
2023-01-24 23:56:53.174, Blok_3_90deg, id           E, 90.0
2023-01-24 23:56:54.174, Blok_3_90deg, id           E, 90.0
2023-01-24 23:56:55.161, Blok_3_90deg, id           E, 90.0
2023-01-24 23:56:56.167, Blok_3_90deg, id           E, 90.0
2023-01-24 23:56:57.175, Blok_3_90deg, id           E, 90.0
2023-01-24 23:56:58.174, Blok_3_90deg, id           E, 90.0
2023-01-24 23:56:59.174, Blok_3_90deg, id           E, 90.0
2023-01-24 23:57:00.176, Blok_3_90deg, id           E, 90.0
2023-01-24 23:57:01.168, Blok_3_90deg, id           E, 90.0
2023-01-24 23:57:02.162, Blok_3_90deg, id           E, 90.0
2023-01-24 23:57:03.174, Blok_3_90deg, id           E, 90.0
2023-01-24 23:57:04.166, Blok_3_90deg, id           E, 90.0
2023-01-24 23:57:05.174, Blok_3_90deg, id           E, 90.0
2023-01-24 23:57:06.174, Blok_3_90deg, id           E, 90.0
2023-01-24 23:57:07.161, Blok_3_90deg, id           E, 90.0
2023-01-24 23:57:08.173, Blok_3_90deg, id           E, 90.0
2023-01-24 23:57:09.173, Blok_3_90deg, id           E, 90.0
2023-01-24 23:57:10.171, Blok_3_90deg, id           E, 90.0
2023-01-24 23:57:11.168, Blok_3_90deg, id           E, 90.0
2023-01-24 23:57:12.166, Blok_3_90deg, id           E, 90.0
2023-01-24 23:57:13.165, Blok_3_90deg, id           E, 90.0
2023-01-24 23:57:14.161, Blok_3_90deg, id           E, 90.0
2023-01-24 23:57:15.176, Blok_3_90deg, id           E, 90.0
2023-01-24 23:57:16.173, Blok_3_90deg, id           E, 90.0
2023-01-24 23:57:17.171, Blok_3_90deg, id           E, 90.0
2023-01-24 23:57:18.168, Blok_3_90deg, id           E, 90.0
2023-01-24 23:57:19.168, Blok_3_90deg, id           E, 90.0
2023-01-24 23:57:20.168, Blok_3_90deg, id           E, 90.0
2023-01-24 23:57:21.168, Blok_3_90deg, id           E, 90.0
2023-01-24 23:57:22.169, Blok_3_90deg, id           E, 90.0
2023-01-24 23:57:23.164, Blok_3_90deg, id           E, 90.0
2023-01-24 23:57:24.162, Blok_3_90deg, id           E, 90.0
2023-01-24 23:57:25.171, Blok_3_90deg, id           E, 90.0
2023-01-24 23:57:26.173, Blok_3_90deg, id           E, 90.0
2023-01-24 23:57:27.172, Blok_3_90deg, id           E, 90.0
2023-01-24 23:57:28.168, Blok_3_90deg, id           E, 90.0
2023-01-24 23:57:29.165, Blok_3_90deg, id           E, 90.0
2023-01-24 23:57:30.161, Blok_3_90deg, id           E, 90.0
2023-01-24 23:57:31.17, Blok_3_90deg, id           E, 90.0
2023-01-24 23:57:32.175, Blok_3_90deg, id           E, 90.0
2023-01-24 23:57:33.171, Blok_3_90deg, id           E, 90.0
2023-01-24 23:57:34.167, Blok_3_90deg, id           E, 90.0
2023-01-24 23:57:35.175, Blok_3_90deg, id           E, 90.0
2023-01-24 23:57:36.174, Blok_3_90deg, id           E, 90.0
2023-01-24 23:57:37.173, Blok_3_90deg, id           E, 90.0
2023-01-24 23:57:38.168, Blok_3_90deg, id           E, 90.0
2023-01-24 23:57:39.167, Blok_3_90deg, id           E, 90.0
2023-01-24 23:57:40.161, Blok_3_90deg, id           E, 90.0
2023-01-24 23:57:41.166, Blok_3_90deg, id           E, 90.0
2023-01-24 23:57:42.166, Blok_3_90deg, id           E, 90.0
2023-01-24 23:57:43.162, Blok_3_90deg, id           E, 90.0
2023-01-24 23:57:44.171, Blok_3_90deg, id           E, 90.0
2023-01-24 23:57:45.168, Blok_3_90deg, id           E, 90.0
2023-01-24 23:57:46.162, Blok_3_90deg, id           E, 90.0
2023-01-24 23:57:47.172, Blok_3_90deg, id           E, 90.0
2023-01-24 23:57:48.165, Blok_3_90deg, id           E, 90.0
2023-01-24 23:57:49.175, Blok_3_90deg, id           E, 90.0
2023-01-24 23:57:50.174, Blok_3_90deg, id           E, 90.0
2023-01-24 23:57:51.165, Blok_3_90deg, id           E, 90.0
2023-01-24 23:57:52.162, Blok_3_90deg, id           E, 90.0
2023-01-24 23:57:53.171, Blok_3_90deg, id           E, 90.0
2023-01-24 23:57:54.169, Blok_3_90deg, id           E, 90.0
2023-01-24 23:57:55.168, Blok_3_90deg, id           E, 90.0
2023-01-24 23:57:56.168, Blok_3_90deg, id           E, 90.0
2023-01-24 23:57:57.166, Blok_3_90deg, id           E, 90.0
2023-01-24 23:57:58.163, Blok_3_90deg, id           E, 90.0
2023-01-24 23:57:59.163, Blok_3_90deg, id           E, 90.0
2023-01-24 23:58:00.161, Blok_3_90deg, id           E, 90.0
2023-01-24 23:58:01.164, Blok_3_90deg, id           E, 90.0
2023-01-24 23:58:02.163, Blok_3_90deg, id           E, 90.0
2023-01-24 23:58:03.161, Blok_3_90deg, id           E, 90.0
2023-01-24 23:58:04.163, Blok_3_90deg, id           E, 90.0
2023-01-24 23:58:05.175, Blok_3_90deg, id           E, 90.0
2023-01-24 23:58:06.17, Blok_3_90deg, id           E, 90.0
2023-01-24 23:58:07.165, Blok_3_90deg, id           E, 90.0
2023-01-24 23:58:08.175, Blok_3_90deg, id           E, 90.0
2023-01-24 23:58:09.168, Blok_3_90deg, id           E, 90.0
2023-01-24 23:58:10.169, Blok_3_90deg, id           E, 90.0
2023-01-24 23:58:11.162, Blok_3_90deg, id           E, 90.0
2023-01-24 23:58:12.171, Blok_3_90deg, id           E, 90.0
2023-01-24 23:58:13.167, Blok_3_90deg, id           E, 90.0
2023-01-24 23:58:14.166, Blok_3_90deg, id           E, 90.0
2023-01-24 23:58:15.175, Blok_3_90deg, id           E, 90.0
2023-01-24 23:58:16.165, Blok_3_90deg, id           E, 90.0
2023-01-24 23:58:17.161, Blok_3_90deg, id           E, 90.0
2023-01-24 23:58:18.165, Blok_3_90deg, id           E, 90.0
2023-01-24 23:58:19.166, Blok_3_90deg, id           E, 90.0
2023-01-24 23:58:20.162, Blok_3_90deg, id           E, 90.0
2023-01-24 23:58:21.161, Blok_3_90deg, id           E, 90.0
2023-01-24 23:58:22.163, Blok_3_90deg, id           E, 90.0
2023-01-24 23:58:23.17, Blok_3_90deg, id           E, 90.0
2023-01-24 23:58:24.174, Blok_3_90deg, id           E, 90.0
2023-01-24 23:58:25.167, Blok_3_90deg, id           E, 90.0
2023-01-24 23:58:26.171, Blok_3_90deg, id           E, 90.0
2023-01-24 23:58:27.171, Blok_3_90deg, id           E, 90.0
2023-01-24 23:58:28.168, Blok_3_90deg, id           E, 90.0
2023-01-24 23:58:29.164, Blok_3_90deg, id           E, 90.0
2023-01-24 23:58:30.161, Blok_3_90deg, id           E, 90.0
2023-01-24 23:58:31.161, Blok_3_90deg, id           E, 90.0
2023-01-24 23:58:32.175, Blok_3_90deg, id           E, 90.0
2023-01-24 23:58:33.165, Blok_3_90deg, id           E, 90.0
2023-01-24 23:58:34.164, Blok_3_90deg, id           E, 90.0
2023-01-24 23:58:35.163, Blok_3_90deg, id           E, 90.0
2023-01-24 23:58:36.166, Blok_3_90deg, id           E, 90.0
2023-01-24 23:58:37.165, Blok_3_90deg, id           E, 90.0
2023-01-24 23:58:38.171, Blok_3_90deg, id           E, 90.0
2023-01-24 23:58:39.167, Blok_3_90deg, id           E, 90.0
2023-01-24 23:58:40.161, Blok_3_90deg, id           E, 90.0
2023-01-24 23:58:41.169, Blok_3_90deg, id           E, 90.0
2023-01-24 23:58:42.175, Blok_3_90deg, id           E, 90.0
2023-01-24 23:58:43.174, Blok_3_90deg, id           E, 90.0
2023-01-24 23:58:44.171, Blok_3_90deg, id           E, 90.0
2023-01-24 23:58:45.168, Blok_3_90deg, id           E, 90.0
2023-01-24 23:58:46.168, Blok_3_90deg, id           E, 90.0
2023-01-24 23:58:47.162, Blok_3_90deg, id           E, 90.0
2023-01-24 23:58:48.167, Blok_3_90deg, id           E, 90.0
2023-01-24 23:58:49.164, Blok_3_90deg, id           E, 90.0
2023-01-24 23:58:50.164, Blok_3_90deg, id           E, 90.0
2023-01-24 23:58:51.161, Blok_3_90deg, id           E, 90.0
2023-01-24 23:58:52.164, Blok_3_90deg, id           E, 90.0
2023-01-24 23:58:53.166, Blok_3_90deg, id           E, 90.0
2023-01-24 23:58:54.175, Blok_3_90deg, id           E, 90.0
2023-01-24 23:58:55.161, Blok_3_90deg, id           E, 90.0
2023-01-24 23:58:56.167, Blok_3_90deg, id           E, 90.0
2023-01-24 23:58:57.167, Blok_3_90deg, id           E, 90.0
2023-01-24 23:58:58.173, Blok_3_90deg, id           E, 90.0
2023-01-24 23:58:59.167, Blok_3_90deg, id           E, 90.0
2023-01-24 23:59:00.17, Blok_3_90deg, id           E, 90.0
2023-01-24 23:59:01.164, Blok_3_90deg, id           E, 90.0
2023-01-24 23:59:02.161, Blok_3_90deg, id           E, 90.0
2023-01-24 23:59:03.171, Blok_3_90deg, id           E, 90.0
2023-01-24 23:59:04.173, Blok_3_90deg, id           E, 90.0
2023-01-24 23:59:05.173, Blok_3_90deg, id           E, 90.0
2023-01-24 23:59:06.168, Blok_3_90deg, id           E, 90.0
2023-01-24 23:59:07.162, Blok_3_90deg, id           E, 90.0
2023-01-24 23:59:08.176, Blok_3_90deg, id           E, 90.0
2023-01-24 23:59:09.161, Blok_3_90deg, id           E, 90.0
2023-01-24 23:59:10.175, Blok_3_90deg, id           E, 90.0
2023-01-24 23:59:11.169, Blok_3_90deg, id           E, 90.0
2023-01-24 23:59:12.17, Blok_3_90deg, id           E, 90.0
2023-01-24 23:59:13.165, Blok_3_90deg, id           E, 90.0
2023-01-24 23:59:14.164, Blok_3_90deg, id           E, 90.0
2023-01-24 23:59:15.163, Blok_3_90deg, id           E, 90.0
2023-01-24 23:59:16.171, Blok_3_90deg, id           E, 90.0
2023-01-24 23:59:17.171, Blok_3_90deg, id           E, 90.0
2023-01-24 23:59:18.167, Blok_3_90deg, id           E, 90.0
2023-01-24 23:59:19.163, Blok_3_90deg, id           E, 90.0
2023-01-24 23:59:20.175, Blok_3_90deg, id           E, 90.0
2023-01-24 23:59:21.175, Blok_3_90deg, id           E, 90.0
2023-01-24 23:59:22.174, Blok_3_90deg, id           E, 90.0
2023-01-24 23:59:23.161, Blok_3_90deg, id           E, 90.0
2023-01-24 23:59:24.172, Blok_3_90deg, id           E, 90.0
2023-01-24 23:59:25.172, Blok_3_90deg, id           E, 90.0
2023-01-24 23:59:26.172, Blok_3_90deg, id           E, 90.0
2023-01-24 23:59:27.171, Blok_3_90deg, id           E, 90.0
2023-01-24 23:59:28.162, Blok_3_90deg, id           E, 90.0
2023-01-24 23:59:29.172, Blok_3_90deg, id           E, 90.0
2023-01-24 23:59:30.172, Blok_3_90deg, id           E, 90.0
2023-01-24 23:59:31.167, Blok_3_90deg, id           E, 90.0
2023-01-24 23:59:32.168, Blok_3_90deg, id           E, 90.0
2023-01-24 23:59:33.169, Blok_3_90deg, id           E, 90.0
2023-01-24 23:59:34.175, Blok_3_90deg, id           E, 90.0
2023-01-24 23:59:35.172, Blok_3_90deg, id           E, 90.0
2023-01-24 23:59:36.173, Blok_3_90deg, id           E, 90.0
2023-01-24 23:59:37.168, Blok_3_90deg, id           E, 90.0
2023-01-24 23:59:38.173, Blok_3_90deg, id           E, 90.0
2023-01-24 23:59:39.17, Blok_3_90deg, id           E, 90.0
2023-01-24 23:59:40.169, Blok_3_90deg, id           E, 90.0
2023-01-24 23:59:41.179, Blok_3_90deg, id           E, 90.0
2023-01-24 23:59:42.175, Blok_3_90deg, id           E, 90.0
2023-01-24 23:59:43.167, Blok_3_90deg, id           E, 90.0
2023-01-24 23:59:44.166, Blok_3_90deg, id           E, 90.0
2023-01-24 23:59:45.175, Blok_3_90deg, id           E, 90.0
2023-01-24 23:59:46.176, Blok_3_90deg, id           E, 90.0
2023-01-24 23:59:47.169, Blok_3_90deg, id           E, 90.0
2023-01-24 23:59:48.162, Blok_3_90deg, id           E, 90.0
2023-01-24 23:59:49.169, Blok_3_90deg, id           E, 90.0
2023-01-24 23:59:50.165, Blok_3_90deg, id           E, 90.0
2023-01-24 23:59:51.175, Blok_3_90deg, id           E, 90.0
2023-01-24 23:59:52.175, Blok_3_90deg, id           E, 90.0
2023-01-24 23:59:53.166, Blok_3_90deg, id           E, 90.0
2023-01-24 23:59:54.17, Blok_3_90deg, id           E, 90.0
2023-01-24 23:59:55.163, Blok_3_90deg, id           E, 90.0
2023-01-24 23:59:56.241, Blok_3_90deg, id           E, 90.0
2023-01-24 23:59:57.173, Blok_3_90deg, id           E, 90.0
2023-01-24 23:59:58.171, Blok_3_90deg, id           E, 90.0
2023-01-24 23:59:59.173, Blok_3_90deg, id           E, 90.0
2023-01-25 00:00:00.162, Blok_3_90deg, id           E, 90.0
2023-01-25 00:00:01.169, Blok_3_90deg, id           E, 90.0
2023-01-25 00:00:02.169, Blok_3_90deg, id           E, 90.0
2023-01-25 00:00:03.164, Blok_3_90deg, id           E, 90.0
2023-01-25 00:00:04.171, Blok_3_90deg, id           E, 90.0
2023-01-25 00:00:05.161, Blok_3_90deg, id           E, 90.0
2023-01-25 00:00:06.175, Blok_3_90deg, id           E, 90.0
2023-01-25 00:00:07.165, Blok_3_90deg, id           E, 90.0
2023-01-25 00:00:08.171, Blok_3_90deg, id           E, 90.0
2023-01-25 00:00:09.162, Blok_3_90deg, id           E, 90.0
2023-01-25 00:00:10.165, Blok_3_90deg, id           E, 90.0
2023-01-25 00:00:11.167, Blok_3_90deg, id           E, 90.0
2023-01-25 00:00:12.168, Blok_3_90deg, id           E, 90.0
2023-01-25 00:00:13.17, Blok_3_90deg, id           E, 90.0
2023-01-25 00:00:14.164, Blok_3_90deg, id           E, 90.0
2023-01-25 00:00:15.162, Blok_3_90deg, id           E, 90.0
2023-01-25 00:00:16.163, Blok_3_90deg, id           E, 90.0
2023-01-25 00:00:17.167, Blok_3_90deg, id           E, 90.0
2023-01-25 00:00:18.171, Blok_3_90deg, id           E, 90.0
2023-01-25 00:00:19.161, Blok_3_90deg, id           E, 90.0
2023-01-25 00:00:20.167, Blok_3_90deg, id           E, 90.0
2023-01-25 00:00:21.166, Blok_3_90deg, id           E, 90.0
2023-01-25 00:00:22.176, Blok_3_90deg, id           E, 90.0
2023-01-25 00:00:23.167, Blok_3_90deg, id           E, 90.0
2023-01-25 00:00:24.162, Blok_3_90deg, id           E, 90.0
2023-01-25 00:00:25.167, Blok_3_90deg, id           E, 90.0
2023-01-25 00:00:26.174, Blok_3_90deg, id           E, 90.0
2023-01-25 00:00:27.176, Blok_3_90deg, id           E, 90.0
2023-01-25 00:00:28.162, Blok_3_90deg, id           E, 90.0
2023-01-25 00:00:29.176, Blok_3_90deg, id           E, 90.0
2023-01-25 00:00:30.165, Blok_3_90deg, id           E, 90.0
2023-01-25 00:00:31.172, Blok_3_90deg, id           E, 90.0
2023-01-25 00:00:32.167, Blok_3_90deg, id           E, 90.0
2023-01-25 00:00:33.174, Blok_3_90deg, id           E, 90.0
2023-01-25 00:00:34.172, Blok_3_90deg, id           E, 90.0
2023-01-25 00:00:35.164, Blok_3_90deg, id           E, 90.0
2023-01-25 00:00:36.167, Blok_3_90deg, id           E, 90.0
2023-01-25 00:00:37.175, Blok_3_90deg, id           E, 90.0
2023-01-25 00:00:38.161, Blok_3_90deg, id           E, 90.0
2023-01-25 00:00:39.169, Blok_3_90deg, id           E, 90.0
2023-01-25 00:00:40.166, Blok_3_90deg, id           E, 90.0
2023-01-25 00:00:41.173, Blok_3_90deg, id           E, 90.0
2023-01-25 00:00:42.163, Blok_3_90deg, id           E, 90.0
2023-01-25 00:00:43.171, Blok_3_90deg, id           E, 90.0
2023-01-25 00:00:44.162, Blok_3_90deg, id           E, 90.0
2023-01-25 00:00:45.173, Blok_3_90deg, id           E, 90.0
2023-01-25 00:00:46.176, Blok_3_90deg, id           E, 90.0
2023-01-25 00:00:47.162, Blok_3_90deg, id           E, 90.0
2023-01-25 00:00:48.168, Blok_3_90deg, id           E, 90.0
2023-01-25 00:00:49.167, Blok_3_90deg, id           E, 90.0
2023-01-25 00:00:50.165, Blok_3_90deg, id           E, 90.0
2023-01-25 00:00:51.165, Blok_3_90deg, id           E, 90.0
2023-01-25 00:00:52.164, Blok_3_90deg, id           E, 90.0
2023-01-25 00:00:53.165, Blok_3_90deg, id           E, 90.0
2023-01-25 00:00:54.176, Blok_3_90deg, id           E, 90.0
2023-01-25 00:00:55.175, Blok_3_90deg, id           E, 90.0
2023-01-25 00:00:56.167, Blok_3_90deg, id           E, 90.0
2023-01-25 00:00:57.171, Blok_3_90deg, id           E, 90.0
2023-01-25 00:00:58.171, Blok_3_90deg, id           E, 90.0
2023-01-25 00:00:59.174, Blok_3_90deg, id           E, 90.0
2023-01-25 00:01:00.169, Blok_3_90deg, id           E, 90.0
2023-01-25 00:01:01.165, Blok_3_90deg, id           E, 90.0
2023-01-25 00:01:02.161, Blok_3_90deg, id           E, 90.0
2023-01-25 00:01:03.173, Blok_3_90deg, id           E, 90.0
2023-01-25 00:01:04.167, Blok_3_90deg, id           E, 90.0
2023-01-25 00:01:05.163, Blok_3_90deg, id           E, 90.0
2023-01-25 00:01:06.174, Blok_3_90deg, id           E, 90.0
2023-01-25 00:01:07.168, Blok_3_90deg, id           E, 90.0
2023-01-25 00:01:08.173, Blok_3_90deg, id           E, 90.0
2023-01-25 00:01:09.168, Blok_3_90deg, id           E, 90.0
2023-01-25 00:01:10.17, Heat-cool_3, id           E, 90.0
2023-01-25 00:01:11.165, Heat-cool_3, id           E, 89.0
2023-01-25 00:01:12.166, Heat-cool_3, id           E, 88.0
2023-01-25 00:01:13.169, Heat-cool_3, id           E, 87.0
2023-01-25 00:01:14.161, Heat-cool_3, id           E, 86.0
2023-01-25 00:01:15.176, Heat-cool_3, id           E, 85.0
2023-01-25 00:01:16.173, Heat-cool_3, id           E, 84.0
2023-01-25 00:01:17.167, Heat-cool_3, id           E, 83.0
2023-01-25 00:01:18.17, Heat-cool_3, id           E, 82.0
2023-01-25 00:01:19.161, Heat-cool_3, id           E, 81.0
2023-01-25 00:01:20.166, Heat-cool_3, id           E, 80.0
2023-01-25 00:01:21.167, Heat-cool_3, id           E, 79.25
2023-01-25 00:01:22.164, Heat-cool_3, id           E, 78.25
2023-01-25 00:01:23.173, Heat-cool_3, id           E, 77.25
2023-01-25 00:01:24.171, Heat-cool_3, id           E, 76.25
2023-01-25 00:01:25.165, Heat-cool_3, id           E, 75.25
2023-01-25 00:01:26.166, Heat-cool_3, id           E, 74.25
2023-01-25 00:01:27.165, Heat-cool_3, id           E, 73.25
2023-01-25 00:01:28.175, Heat-cool_3, id           E, 72.25
2023-01-25 00:01:29.171, Heat-cool_3, id           E, 71.25
2023-01-25 00:01:30.171, Heat-cool_3, id           E, 70.25
2023-01-25 00:01:31.167, Heat-cool_3, id           E, 70.0
2023-01-25 00:01:32.163, Heat-cool_3, id           E, 70.0
2023-01-25 00:01:33.163, Heat-cool_3, id           E, 70.0
2023-01-25 00:01:34.173, Heat-cool_3, id           E, 70.0
2023-01-25 00:01:35.161, Heat-cool_3, id           E, 70.0
2023-01-25 00:01:36.169, Heat-cool_3, id           E, 70.0
2023-01-25 00:01:37.168, Heat-cool_3, id           E, 70.0
2023-01-25 00:01:38.169, Heat-cool_3, id           E, 70.0
2023-01-25 00:01:39.174, Heat-cool_3, id           E, 70.0
2023-01-25 00:01:40.164, Heat-cool_3, id           E, 70.0
2023-01-25 00:01:41.164, Heat-cool_3, id           E, 70.0
2023-01-25 00:01:42.174, Heat-cool_3, id           E, 70.0
2023-01-25 00:01:43.168, Heat-cool_3, id           E, 70.0
2023-01-25 00:01:44.172, Heat-cool_3, id           E, 70.0
2023-01-25 00:01:45.174, Heat-cool_3, id           E, 70.0
2023-01-25 00:01:46.163, Heat-cool_3, id           E, 70.0
2023-01-25 00:01:47.167, Heat-cool_3, id           E, 70.0
2023-01-25 00:01:48.164, Heat-cool_3, id           E, 70.0
2023-01-25 00:01:49.166, Heat-cool_3, id           E, 70.0
2023-01-25 00:01:50.165, Heat-cool_3, id           E, 70.0
2023-01-25 00:01:51.171, Heat-cool_3, id           E, 70.0
2023-01-25 00:01:52.162, Heat-cool_3, id           E, 70.0
2023-01-25 00:01:53.162, Heat-cool_3, id           E, 70.0
2023-01-25 00:01:54.164, Heat-cool_3, id           E, 70.0
2023-01-25 00:01:55.161, Heat-cool_3, id           E, 70.0
2023-01-25 00:01:56.172, Start, id           E, 70.0
2023-01-25 00:01:57.164, Start, id           E, 70.0
2023-01-25 00:01:58.174, Start, id           E, 70.0
2023-01-25 00:01:59.171, Start, id           E, 70.0
2023-01-25 00:02:00.171, Start, id           E, 70.0
2023-01-25 00:02:01.171, Start, id           E, 70.0
2023-01-25 00:02:02.172, Start, id           E, 70.0
2023-01-25 00:02:03.176, Start, id           E, 70.0
2023-01-25 00:02:04.173, Start, id           E, 70.0
2023-01-25 00:02:05.17, Hys, id           E, 70.0
2023-01-25 00:02:06.174, Hys, id           E, 70.0
2023-01-25 00:02:07.167, End, id           E, 70.0
2023-01-25 00:02:08.168, End, id           E, 70.0
2023-01-25 00:02:09.176, End, id           E, 70.0
2023-01-25 00:02:10.163, ENDDD, id           E, 70.0
2023-01-25 00:02:11.163, ENDDD, id           E, 70.0
